{
    "data": [
        {
            "Scheme":"10100",
            "AccountNumber":"124",
            "ReferenceNumber":"1",
            "AccountName":"PATIL MAHESH BABURAO",
            "Balance":"1000.00",
            "Amount":"100.00"
        },
        {
            "Scheme":"10100",
            "AccountNumber":"125",
            "ReferenceNumber":"2",
            "AccountName":"PATIL SUDAM BAPU",
            "Balance":"1000.00",
            "Amount":"50.00"
        },
        {
            "Scheme":"10100",
            "AccountNumber":"124",
            "ReferenceNumber":"1",
            "AccountName":"PATIL MAHESH BABURAO",
            "Balance":"1000.00",
            "Amount":"100.00"
        },
        {
            "Scheme":"70100",
            "AccountNumber":"87",
            "ReferenceNumber":"568",
            "AccountName":"PATOLE NILESH SHARAD",
            "Balance":"5000.00",
            "Amount":"150.00"
        },
        {
            "Scheme":"70100",
            "AccountNumber":"98",
            "ReferenceNumber":"578",
            "AccountName":"PATIL VIJAY BALASO",
            "Balance":"5000.00",
            "Amount":"150.00"
        }
    ]
}