{
    "data": [
        {
            "Code": 1234,
            "Name": "SBI",
            "Address": "kolhapur",
            "SchemeTypeComboBox": 123,
            "SchemeCodeComboBox": 213,
            "AcNo": 2456879314
        },
        {
            "Code": 8634,
            "Name": "BOI",
            "Address": "kolhapur",
            "SchemeTypeComboBox": 312,
            "SchemeCodeComboBox": 213,
            "AcNo": 9876879314
        },
        {
            "Code": 9034,
            "Name": "ICICI",
            "Address": "kolhapur",
            "SchemeTypeComboBox": 987,
            "SchemeCodeComboBox": 567,
            "AcNo": 9876879314
        },
        {
            "Code": 8564,
            "Name": "Kotak",
            "Address": "kolhapur",
            "SchemeTypeComboBox": 987,
            "SchemeCodeComboBox": 567,
            "AcNo": 9876879314
        }
    ]
}