{
    "data": [{
            "id": 1,
            "StatementHead": "SB",
            "StatementCode": 10100,
            "StatementType": "SAVINGS DEPOSIT",
            "AlternateCode": "SAVINGS"
        },
        {
            "id": 2,
            "StatementHead": "TD",
            "StatementCode": 20100,
            "StatementType": "MEMBER DEPOSIT",
            "AlternateCode": "MEMBERDEP"
        },
        {
            "id": 3,
            "StatementHead": "TD",
            "StatementCode": 20200,
            "StatementType": "RECURRING DEPOSIT",
            "AlternateCode": "RECURRING"
        },
        {
            "id": 4,
            "StatementHead": "TD",
            "StatementCode": 20300,
            "StatementType": "1 YEAR FIXED DEPOSIT",
            "AlternateCode": "1 YEAR"
        },
        {
            "id": 5,
            "StatementHead": "TD",
            "StatementCode": 20400,
            "StatementType": "3 YEAR FIXED DEPOSIT",
            "AlternateCode": "3 YEAR"
        },
        {
            "id": 6,
            "StatementHead": "TD",
            "StatementCode": 20500,
            "StatementType": "SHARES CONTRIBUTION",
            "AlternateCode": "CONTIBUTI"
        },
        {
            "id": 7,
            "StatementHead": "TD",
            "StatementCode": 20600,
            "StatementType": "MANUGRAPH DHANLAXMI",
            "AlternateCode": "M.DHANLAXM"
        },
        {
            "id": 8,
            "StatementHead": "TD",
            "StatementCode": 20700,
            "StatementType": "DAM DUPPAT DEPOSIT",
            "AlternateCode": "DAMDUPPAT"
        },
        {
            "id": 9,
            "StatementHead": "TD",
            "StatementCode": 20800,
            "StatementType": "46 DAYS FIXED DEPOSIT",
            "AlternateCode": "46 DAYS"
        },
        {
            "id": 10,
            "StatementHead": "TD",
            "StatementCode": 20900,
            "StatementType": "MANUGRAPH LAKHPATI",
            "AlternateCode": "M.LAKHPATI"
        }

    ]
}