{
    "data": [
        {
            "id": 1,
            "Code": 45,
            "Description": "Photograph, POI, POA PAN of Individual",
            "IsAccepted": "YES"
        },
        {
            "id": 2,
            "Code": 43,
            "Description": "Driving License",
            "IsAccepted": "No"
        },
        {
            "id": 3,
            "Code": 46,
            "Description": "Adhar Card",
            "IsAccepted": "No"
        },
        {
            "id": 4,
            "Code": 432,
            "Description": "PAN Card",
            "IsAccepted": "YES"
        },
        {
            "id": 5,
            "Code": 4,
            "Description": "PAN of Partners",
            "IsAccepted": "NO"
        },
        {
            "id": 6,
            "Code": 49,
            "Description": "Ration Card",
            "IsAccepted": "NO"
        }
    ]
}