{
    "data": [
        {
            "HealthMasterCode":1456,
            "Description":"categogy A"
        },
        {
            "HealthMasterCode":3456,
            "Description":"categogy B"
        },
        {
            "HealthMasterCode":5456,
            "Description":"categogy C"
        },
        {
            "HealthMasterCode":7456,
            "Description":"categogy D"
        },
        {
            "HealthMasterCode":9456,
            "Description":"categogy E"
        }

    ]
}