{
    "data": [
        {
            "voucherno": 1,
            "voucherdate": "SB",
            "branchcode": 10100,
            "SchemeType":"asdf",
            "SchemeCode":"23",
            "AccountNumber":"1234",
            "TransactionMode":"sksds",
            "voucheramount":12345,
            "credit":"Yes",
            "debit":"No",
            "chequeno":123,
            "particulars":"asdfghjvbnbv",
            "totaldebitamount":345,
            "totalcreditamount":1234567,
            "dayopeningbalance":2324,
            "passed":232,
            "unpassed":234,
            "clearedbalance":3456,
            "afterthisvoucher":23345678
            
        },
        {
            "voucherno": 2,
            "voucherdate": "SB",
            "branchcode": 10100,
            "SchemeType":"asdf",
            "SchemeCode":"23",
            "AccountNumber":"1234",
            "TransactionMode":"sksds",
            "voucheramount":12345,
            "credit":"No",
            "debit":"Yes",
            "chequeno":123,
            "particulars":"asdfghjvbnbv",
            "totaldebitamount":345,
            "totalcreditamount":1234567,
            "dayopeningbalance":2324,
            "passed":232,
            "unpassed":234,
            "clearedbalance":3456,
            "afterthisvoucher":23345678  
        },
        {
            "voucherno": 3,
            "voucherdate": "SB",
            "branchcode": 10100,
            "SchemeType":"asdf",
            "SchemeCode":"23",
            "AccountNumber":"1234",
            "TransactionMode":"sksds",
            "voucheramount":12345,
            "credit":"Yes",
            "debit":"No",
            "chequeno":123,
            "particulars":"asdfghjvbnbv",
            "totaldebitamount":345,
            "totalcreditamount":1234567,
            "dayopeningbalance":2324,
            "passed":232,
            "unpassed":234,
            "clearedbalance":3456,
            "afterthisvoucher":23345678
        }

    ]
}