{
    "data": [
        {
            "serialno":1,
            "schemecode":"123",
            "accno":"1234",
            "refaccno":"12345",
            "name":"asdf",
            "previousamount":12345,
            "amount":111,
            "date":"2/3/3000",
            "branchcode":"45",
            "vouchernumber":"23",
            "scheme":"A",
            "agent":"b",
            "chartnumber":12,
            "totalamount":34566
        },
        {
            "serialno":3,
            "schemecode":"3",
            "accno":"34",
            "refaccno":"15",
            "name":"df",
            "previousamount":14,
            "amount":1451,
            "date":"2/3/1900",
            "branchcode":"45",
            "vouchernumber":"23",
            "scheme":"S",
            "agent":"b",
            "chartnumber":23,
            "totalamount":2345678
        }
        

    ]
}