{
    "data": [
        {
            "glaccount":21,
            "allentries":"Yes",
            "pendingentries":"No",
            "branchcode":"345",
            "fromdate":"2/2/1977",
            "todate":"2/2/1977",
            "date":"2/2/1977",
            "type":1,
            "chequeno":"123",
            "particulars":32,
            "debitamt":2323,
            "creditamt":23,
            "statementdate":"2/2/1977"
        },
        {
            "glaccount":11,
            "allentries":"No",
            "pendingentries":"Yes",
            "branchcode":"345",
            "fromdate":"2/2/1977",
            "todate":"2/2/1977",
            "date":"2/2/1977",
            "type":1,
            "chequeno":"123",
            "particulars":32,
            "debitamt":2323,
            "creditamt":23,
            "statementdate":"2/2/1977"
        },
        {
            "glaccount":1231,
            "allentries":"Yes",
            "pendingentries":"No",
            "branchcode":"345",
            "fromdate":"2/2/17",
            "todate":"2/2/7",
            "date":"2/2/197",
            "type":1,
            "chequeno":"123",
            "particulars":32,
            "debitamt":2323,
            "creditamt":23,
            "statementdate":"2/2/1977"
        }
   ]
}