{
    "data": [
        {
            "SchemeCode":"1234",
            "AccountNumber":"234567890",
            "HOSubGL":"",
            "Amount":"200000",
            "AccountName":"asdfgh"
        },
        {
            "SchemeCode":"5678",
            "AccountNumber":"234567890",
            "HOSubGL":"",
            "Amount":"200000",
            "AccountName":"asdfgh"
        },
        {
            "SchemeCode":"5678",
            "AccountNumber":"234567890",
            "HOSubGL":"",
            "Amount":"200000",
            "AccountName":"asdfgh"
        }
        
    ]
}