{
    "data": [
        {
            
            "Scheme": 346,
            "MemberNo": 10100,
            "TransactionNo": "456",
            "MembershipDate": "2/02/2020",
            "TotalNoOfShares":"123",
            "TotalSharesAmount": "69000",
            "Scheme1": "13549",
            "MemberNo1":"4569",
            "ResolutionDate": "6/02/2020",
            "ResolutionNo": "23",
            "TransferDate": "2/2/2021",
            "ActualTransferAmount":"456988",
            "Reason": "No"
            
           
          
        },
        {
            
            "Scheme": 799,
            "MemberNo": 20100,
            "TransactionNo": "658",
            "MembershipDate": "5/6/2020",
            "TotalNoOfShares":"26",
            "TotalSharesAmount": "200501",
            "Scheme1": "45795",
            "MemberNo1":"2365",
            "ResolutionDate": "5489",
            "ResolutionNo": "26",
            "TransferDate": "2/2/2020",
            "ActualTransferAmount":"456988",
            "Reason":"yes"
        }
       
    ]
}