{
    "data": [
        {
            "TransactionNo": 5693,
            "TransactionDate":"12/04/2018",
            "Scheme": 21,
            "AccountNo": 658,
            "Cash": "Yes",
            "Transfer": "No",
            "AcOpenDate": "5/09/2011",
            "LastInterestDate": "23/09/2018",
            "LedgerBalance": 4696983,
            "InterestDays": 234,
            "ReceiptNo": 7325,
            "InterestuptoDate": "12/12/2012",
            "IntersetAmount": 72358,
            "ClosingAmount": 65969,
            "NetAmount":58275,
            "DebitScheme": 6923859,
            "DebitGLAcNo": 52896,
            "Narration": "Narration"
        },
        {
            "TransactionNo": 56968,
            "TransactionDate":"12/04/2018",
            "Scheme": 223,
            "AccountNo": 658,
            "Cash": "No",
            "Transfer": "Yes",
            "AcOpenDate": "5/10/2011",
            "LastInterestDate": "23/09/2018",
            "LedgerBalance": 4696983,
            "InterestDays": 534,
            "ReceiptNo": 7325,
            "InterestuptoDate": "12/12/2012",
            "IntersetAmount": 72358,
            "ClosingAmount": 65999,
            "NetAmount":58275,
            "DebitScheme": 6923859,
            "DebitGLAcNo": 52892,
            "Narration": "Narration"
        }
    ]
}