{
    "data": [
        {
            "CategoryCode":1456,
            "Description":"categogy A"
        },
        {
            "CategoryCode":3456,
            "Description":"categogy B"
        },
        {
            "CategoryCode":5456,
            "Description":"categogy C"
        },
        {
            "CategoryCode":7456,
            "Description":"categogy D"
        },
        {
            "CategoryCode":9456,
            "Description":"categogy E"
        }

    ]
}