{
    "data": [{
            "id": 1,
            "Scheme": 31,
            "AccountNo": 3444,
            "CustomerID": 32,
            "FreezeStatus": "No Freeze",
            "FreezeAmount": 32,
            "FreezeDate": "3/2/2018",
            "Remark": "asksakas"
        },
        {
            "id": 2,
            "Scheme": 441,
            "AccountNo": 555004,
            "CustomerID": 3233,
            "FreezeStatus": "Total Amount",
            "FreezeAmount": 333332,
            "FreezeDate": "12/13/2018",
            "Remark": "Good"
        }
        
       
    ]
}