{
    "data": [
        {
            "Code": 1,
            "FullName": "nidhi patil",
            "ShortName": "patil",
            "AtPost": "gadhinglaj",
            "TalukaName": "gadhinglaj",
            "DistrictName": "kolhapur",
            "BranchCode": 456,
            "TelephoneR": 262645,
            "TelephoneMob": 8945213645
        },
        {
            "Code": 2,
            "FullName": "shree desai",
            "ShortName": "desai",
            "AtPost": "gadhinglaj",
            "TalukaName": "gadhinglaj",
            "DistrictName": "kolhapur",
            "BranchCode": 456,
            "TelephoneR": 262645,
            "TelephoneMob": 8945213645
        }
    ]
}