{
    "data": [{
            "acc_no": 1456,
            "subm_date": "22/10/1890",
            "maturity_date": "27/12/1990",
            "receipt_no": 35,
            "deposit_bal": 453543,
            "deposit_amount": 32343,
            "margin": 20,
            "remarks": "Good",
            "short_details": "abcde",
            "total_value": 2342242,
            "security_details": "All good",
            "policy_due": "20/11/1995",
            "policy_no": 23,
            "policy_amount": 322234,
            "policy_nature": "Health",
            "insurance_code": 234,
            "address": "26 , Mhatre Building, Pandurang Wadi Main Road, Goregaon( East)",
            "city": 4,
            "premium_amount": 34632,
            "premium_due_date": "14/01/1954",
            "edit": 1,
            "relation": "Father",
            "area": "abc",
            "unit_area": "xyz",
            "vehicle_make": "Aluminuim",
            "article_name": "Sofa",
            "article_make": "Leather",
            "new_article": "Yes",
            "machinery_name": "Leath 7548VX",
            "machinery_type": "Heavy Load",
            "new_equip": "Yes",
            "specification": "Industrial Use",
            "name": "Baburao Ganpatrao Apte",
            "nominee": "Pandurang Sadashiv Pingale",
            "stmt_date": "23/06/1965",
            "raw_material": 12315,
            "rm_margin": 12,
            "wp_goods": 897634,
            "wp_margin": 13,
            "fg_cost": 56076,
            "fg_margin": 23,
            "released_by": "13/12/1954",
            "released_on": "31/11/1999",
            "updated_by": "Clerk",
            "no_of_shares": 65,
            "market_value": 5646235,
            "company_name": "Shewale Brother and Co.",
            "company_code": 24,
            "LedgerBalance": "1122112",
            "RTORegistrationDate": "31/11/1999"
        },
        {
            "acc_no": 1456,
            "subm_date": "27/09/1990",
            "maturity_date": "27/12/1990",
            "receipt_no": 38,
            "deposit_bal": 2422235,
            "deposit_amount": 453543,
            "margin": 20,
            "remarks": "Nice",
            "short_details": "lmnop",
            "total_value": 2353436,
            "security_details": "All fine",
            "edit": 1,
            "relation": "Son",
            "area": "efmew",
            "unit_area": "sgwer",
            "vehicle_make": "Aluminuim",
            "article_name": "Chair",
            "article_make": "Wood",
            "new_article": "No",
            "machinery_name": "Leath 2348VT",
            "machinery_type": "Medium Load",
            "new_equip": "No",
            "specification": "Small Scale Use",
            "name": "Pandurang Sadashiv Pingale",
            "nominee": "Namdev Dhondiram Thorat",
            "stmt_date": "20/07/1936",
            "raw_material": 345678,
            "rm_margin": 9,
            "wp_goods": 98765,
            "wp_margin": 23,
            "fg_cost": 98769,
            "fg_margin": 12,
            "released_by": "09/03/1997",
            "released_on": "21/12/1998",
            "updated_by": "Admin",
            "no_of_shares": 90,
            "market_value": 5678235,
            "company_name": "Shende Brother and Co.",
            "company_code": 20,
            "policy_due": "23/12/1595",
            "policy_no": 24,
            "policy_amount": 2325567,
            "policy_nature": "security",
            "insurance_code": 23,
            "address": "513 , Seven Star Bldg, th Cross Rd, Off Linking Road, Khar(w)",
            "city": 5,
            "premium_amount": 45678,
            "premium_due_date": "15/11/1954",
            "LedgerBalance": "1122112",
            "RTORegistrationDate": "31/11/1999"
        }
    ]
}