{
    "data": [{
            "srno":  1,
            "from_period": 3,
            "to_period": 10
        },{
            "srno":  2,
            "from_period": 5,
            "to_period": 19
        },{
            "srno":  3,
            "from_period": 6,
            "to_period": 13
        },{
            "srno":  4,
            "from_period": 3,
            "to_period": 18
        },{
            "srno":  5,
            "from_period": 7,
            "to_period": 18
        },{
            "srno":  6,
            "from_period": 2,
            "to_period": 16
        },{
            "srno":  7,
            "from_period": 7,
            "to_period": 13
        },{
            "srno":  8,
            "from_period": 6,
            "to_period": 12
        },{
            "srno":  9,
            "from_period": 6,
            "to_period": 10
        }
    ]
}