{
    "data": [
        
        {
            "DirectorCode": 1234,
            "DirectorName": "riya mishra",
            "Designation": "Manager",
            "Address1": "Kolhapur",
            "Address2": "kolhapur",
            "Address3": "Maharashtra",
            "CityCode": 231,
            "PinCode": 416012,
            "StatementType": "yess",
            "RequiredSMSFacilities": "yes",
            "MobileNo": 3468751239
    },
	{
        "DirectorCode": 52,
        "DirectorName": "Diya mishra",
        "Designation": "Manager",
        "Address1": "Gadhinglaj",
        "Address2": "kolhapur",
        "Address3": "Maharashtra",
        "CityCode": 231,
        "PinCode": 416012,
        "StatementType": "no ",
        "RequiredSMSFacilities": "yes ",
        "MobileNo": 6875123990
    },
    {
        "DirectorCode": 1644,
        "DirectorName": "navin Shrama",
        "Designation": "clearl",
        "Address1": "Gadhinglaj",
        "Address2": "kolhapur",
        "Address3": "Maharashtra",
        "CityCode": 231,
        "PinCode": 416012,
        "StatementType": "yes",
        "RequiredSMSFacilities": "no",
        "MobileNo": 6899075123
    },
    {
        "DirectorCode": 1644,
        "DirectorName": "Pravin Shinde",
        "Designation": "HOD",
        "Address1": "Gadhinglaj",
        "Address2": "kolhapur",
        "Address3": "Maharashtra",
        "CityCode": 231,
        "PinCode": 416012,
        "StatementType": "yes",
        "RequiredSMSFacilities": "no ",
        "MobileNo": 7512368990
    }
        

        

    ]
}