{
    "data": [{
            "scheme":  1,
            "account": "232",
            "date": "2/12/1977",
            "n_int": 9,
            "p_int": 5
        },
        {
            "scheme":  2,
            "account": "2342",
            "date": "2/1/1877",
            "n_int": 6,
            "p_int": 8
        },
        {
            "scheme":  3,
            "account": "22332",
            "date": "2/12/6977",
            "n_int": 2,
            "p_int": 4
        },
        {
            "scheme": 4,
            "account": "2532",
            "date": "2/12/1957",
            "n_int": 2,
            "p_int": 6
        },
        {
            "scheme":  1,
            "account": "232",
            "date": "2/12/1977",
            "n_int": 9,
            "p_int": 5
        },{
            "scheme":  1,
            "account": "232",
            "date": "2/12/1977",
            "n_int": 9,
            "p_int": 5
        }
    ]
}
