{
    "data": [{
            "srno": 1,
            "type": 1,
            "statementCode": 35000,
            "w_capital": "Required",
            "description": "LOANS",
            "view": "True"
        },{
            "srno": 2,
            "type": 1,
            "statementCode": 45000,
            "w_capital": "Required",
            "description": "LOANS",
            
            "view": "True"
        },{
            "srno": 3,
            "type": 1,
            "statementCode": 40000,
            "w_capital": "Required",
            "description": "DEPOSIT",
            
            "view": "True"
        },{
            "srno": 4,
            "type": 1,
            "statementCode": 34435,
            "w_capital": "Required",
            "description": "LOANS",
            
            "view": "True"
        },{
            "srno": 5,
            "type": 1,
            "statementCode": 3443,
            "w_capital": "Required",
            "description": "DEPOSIT",
            
            "view": "True"
        },{
            "srno": 6,
            "type": 1,
            "statementCode": 23424,
            "description": "DEPOSIT",
            "w_capital": "Not Required",
            "view": "True"
        },{
            "srno": 7,
            "type": 1,
            "statementCode": 2,
            "description": "DEPOSIT",
            "w_capital": "Required",
            "view": "True"
        },{
            "srno": 8,
            "type": 1,
            "statementCode": 2355,
            "description": "LOANS",
            "w_capital": "Required",
            "view": "True"
        },{
            "srno": 9,
            "type": 1,
            "statementCode": 23453,
            "description": "LOANS",
            "w_capital": "Required",
            "view": "True"
        },{
            "srno": 10,
            "type": 1,
            "statementCode": 232423,
            "description": "DEPOSIT",
            "w_capital": "Not Required",
            "view": "True"
        },{
            "srno": 11,
            "type": 1,
            "statementCode": 23463,
            "description": "DEPOSIT",
            "w_capital": "Not Required",
            "view": "True"
        },{
            "srno": 12,
            "type": 1,
            "statementCode": 22352,
            "description": "LOANS",
            "w_capital": "Required",
            "view": "True"
        }
    ]
}