{
    "data": [
        {
            "PurposeCode":1456,
            "Description":"categogy A"
        },
        {
            "PurposeCode":3456,
            "Description":"categogy B"
        },
        {
            "PurposeCode":5456,
            "Description":"categogy C"
        },
        {
            "PurposeCode":7456,
            "Description":"categogy D"
        },
        {
            "PurposeCode":9456,
            "Description":"categogy E"
        }

    ]
}