{
    "data": [
        {
            "id": 1,
            "Scheme": 469,
            "CustomerID": 10100,
            "Account": "SAVINGS",
            "Title": "Mr.",
            "Name": "ABC PQR",
            "InterestRate":7.00,
            "LastIntDate": "22/2/2000",
            "Acstatus": "Active",
            "FreezeStatus": "null",
            "LedgerBalance": 675692,
            "LastTranDate":"4/4/2011",
            "AccountLienMarked" :"yes",
            "InterestInstruction": "give"
        },
        {
            "id": 2,
            "Scheme": 2790,
            "CustomerID": 20100,
            "Account": "MEMBERDEP",
            "Title": "Mr.",
            "Name": "ABC PQR",
            "InterestRate":7.00,
            "LastIntDate": "22/2/2000",
            "Acstatus": "Active",
            "FreezeStatus": "null",
            "LedgerBalance": 675692,
            "LastTranDate":"4/4/2011",
            "AccountLienMarked" :"yes",
            "InterestInstruction": "give"
        },
        {
            "id": 3,
            "Scheme": 468,
            "CustomerID": 20200,
            "Account": "RECURRING",
            "Title": "Mr.",
            "Name": "ABC PQR",
            "InterestRate":7.00,
            "LastIntDate": "22/2/2000",
            "Acstatus": "Active",
            "FreezeStatus": "null",
            "LedgerBalance": 675692,
            "LastTranDate":"4/4/2011",
            "AccountLienMarked" :"yes",
            "InterestInstruction": "give"
        },
        {
            "id": 4,
            "Scheme": 67,
            "CustomerID": 20300,
            "Account": "1 YEAR",
            "Title": "Mr.",
            "Name": "ABC PQR",
            "InterestRate":7.00,
            "LastIntDate": "22/2/2000",
            "Acstatus": "Active",
            "FreezeStatus": "null",
            "LedgerBalance": 675692,
            "LastTranDate":"4/4/2011",
            "AccountLienMarked" :"yes",
            "InterestInstruction": "give"

        },
        {
            "id": 5,
            "Scheme": 20400,
            "CustomerID": 20400,
            "Account": "3 YEAR",
            "Title": "Mr.",
            "Name": "ABC PQR",
            "InterestRate":7.00,
            "LastIntDate": "22/2/2000",
            "Acstatus": "Active",
            "FreezeStatus": "null",
            "LedgerBalance": 675692,
            "LastTranDate":"4/4/2011",
            "AccountLienMarked" :"yes",
            "InterestInstruction": "give"
        }
    ]
}