{
    "data": [{
            "Customer_id": 1,
            "Member_scheme": "101",
            "Member_no": "221",
            "title": "Shree",
            "Customer_name": "Namdev Dhondiram Thorat",
            "KYC":"Yes",
            "age":50,
            "relation":"Father",
            "Customer_caste": "02",
            "Customer_occupation": "05",
            "customer_risk_category": "04",
            "customer_aadhar_no": "3516684724686845",
            "customer_pan_no": "TYHP6597P",
            "customer_salary_div": "03",
            "recovery": "Yes",
            "Customer_address": "26 , Mhatre Building, Pandurang Wadi Main Road, Goregaon( East)",
            "Customer_city": "Mumbai",
            "Customer_pin_code": "400063",
            "Customer_mobile": "7896543645",
            "R" : 6444,
            "O": 6516,
            "customer_email": "namuthorat@gmail.com",
            "receivedTdsDoc": "Yes",
            "tdsCalculationRequired": "Yes",
            "smsFacilityRequired": "Yes",
            "birthDate":"2/12/1977"  
        },
        {
            "Customer_id": 2,
            "Member_scheme": "102",
            "Member_no": "121",
            "title": "Shree",
            "Customer_name": "Pandurang Sadashiv Pingale",
            "KYC":"No",
            "age":48,
            "relation":"Son",
            "Customer_caste": "03",
            "Customer_occupation": "02",
            "customer_risk_category": "03",
            "customer_aadhar_no": "5169447232497455",
            "customer_pan_no": "CTHP8697L",
            "customer_salary_div": "02",
            "recovery": "No",
            "Customer_address": "513 , Seven Star Bldg, th Cross Rd, Off Linking Road, Khar(w)",
            "Customer_city": "Mumbai",
            "Customer_pin_code": "400052",
            "Customer_mobile": "8456514635","R" : 6444,
            "O": 6516,
            "customer_email": "paddypingle@gmail.com",
            "receivedTdsDoc": "No",
            "tdsCalculationRequired": "Yes",
            "smsFacilityRequired": "No",
            "birthDate":"5/11/1999"
        },
        {
            "Customer_id": 3,
            "Member_scheme": "58",
            "Member_no": "89",
            "title": "Shree",
            "Customer_name": "Baburao Ganpatrao Apte",
            "KYC":"Yes",
            "age":65,
            "relation":"Cousin",
            "Customer_caste": "02",
            "Customer_occupation": "05",
            "customer_risk_category": "04",
            "customer_aadhar_no": "4698684724683256",
            "customer_pan_no": "CKRX6597R",
            "customer_salary_div": "03",
            "recovery": "Yes",
            "Customer_address": "38 , Shree Ganesh Colony, Nr ITI, Kalamba Rd",
            "Customer_city": "Kolhapur",
            "Customer_pin_code": "416007",
            "Customer_mobile": "09372956734","R" : 6444,
            "O": 6516,
            "customer_email": "babubhaiyya@gmail.com",
            "receivedTdsDoc": "No",
            "tdsCalculationRequired": "Yes",
            "smsFacilityRequired": "No",
            "birthDate":"6/2/1974"
        },
        {
            "Customer_id": 4,
            "Member_scheme": "101",
            "Member_no": "221",
            "title": "Shree",
            "Customer_name": "Namdev Dhondiram Thorat",
            "KYC":"Yes",
            "age":50,
            "relation":"Father",
            "Customer_caste": "02",
            "Customer_occupation": "05",
            "customer_risk_category": "04",
            "customer_aadhar_no": "3516684724686845",
            "customer_pan_no": "TYHP6597P",
            "customer_salary_div": "03",
            "recovery": "No",
            "Customer_address": "26 , Mhatre Building, Pandurang Wadi Main Road, Goregaon( East)",
            "Customer_city": "Mumbai",
            "Customer_pin_code": "400063",
            "Customer_mobile": "7896543645","R" : 6444,
            "O": 6516,
            "customer_email": "namuthorat@gmail.com",
            "receivedTdsDoc": "Yes",
            "tdsCalculationRequired": "No",
            "smsFacilityRequired": "Yes",
            "birthDate":"25/07/1990"
        },
        {
            "Customer_id": 5,
            "Member_scheme": "102",
            "Member_no": "121",
            "title": "Shree",
            "Customer_name": "Pandurang Sadashiv Pingale",
            "KYC":"No",
            "age":48,
            "relation":"Son",
            "Customer_caste": "03",
            "Customer_occupation": "02",
            "customer_risk_category": "03",
            "customer_aadhar_no": "5169447232497455",
            "customer_pan_no": "CTHP8697L",
            "customer_salary_div": "02",
            "recovery": "Yes",
            "Customer_address": "513 , Seven Star Bldg, th Cross Rd, Off Linking Road, Khar(w)",
            "Customer_city": "Mumbai",
            "Customer_pin_code": "400052",
            "Customer_mobile": "8456514635","R" : 6444,
            "O": 6516,
            "customer_email": "paddypingle@gmail.com",
            "receivedTdsDoc": "No",
            "tdsCalculationRequired": "Yes",
            "smsFacilityRequired": "No",
            "birthDate":"20/11/1987"
        },
        {
            "Customer_id": 6,
            "Member_scheme": "58",
            "Member_no": "89",
            "title": "Shree",
            "Customer_name": "Baburao Ganpatrao Apte",
            "KYC":"Yes",
            "age":65,
            "relation":"Cousin",
            "Customer_caste": "02",
            "Customer_occupation": "05",
            "customer_risk_category": "04",
            "customer_aadhar_no": "4698684724683256",
            "customer_pan_no": "CKRX6597R",
            "customer_salary_div": "03",
            "recovery": "Yes",
            "Customer_address": "38 , Shree Ganesh Colony, Nr ITI, Kalamba Rd",
            "Customer_city": "Kolhapur",
            "Customer_pin_code": "416007",
            "Customer_mobile": "09372956734","R" : 6444,
            "O": 6516,
            "customer_email": "babubhaiyya@gmail.com",
            "receivedTdsDoc": "No",
            "tdsCalculationRequired": "No",
            "smsFacilityRequired": "No",
            "birthDate":"2/12/1977"
        },
        {
            "Customer_id": 7,
            "Member_scheme": "101",
            "Member_no": "221",
            "title": "Shree",
            "Customer_name": "Namdev Dhondiram Thorat",
            "KYC":"Yes",
            "age":50,
            "relation":"Father",
            "Customer_caste": "02",
            "Customer_occupation": "05",
            "customer_risk_category": "04",
            "customer_aadhar_no": "3516684724686845",
            "customer_pan_no": "TYHP6597P",
            "customer_salary_div": "03",
            "recovery": "No",
            "Customer_address": "26 , Mhatre Building, Pandurang Wadi Main Road, Goregaon( East)",
            "Customer_city": "Mumbai",
            "Customer_pin_code": "400063",
            "Customer_mobile": "7896543645","R" : 6444,
            "O": 6516,
            "customer_email": "namuthorat@gmail.com",
            "receivedTdsDoc": "Yes",
            "tdsCalculationRequired": "No",
            "smsFacilityRequired": "Yes",
            "birthDate":"2/12/1977"
        }
    ]
}
