{
    "data": [
        {
            "id": 1,
            "Scheme": 356,
            "TransferfromScheme": 89533,
            "TransferfromAcNo": 63872,
            "CustomerID": 10100,
            "AccountNo": 5712759,
            "Title": "Mr.",
            "Name": "ABC PQR",
            "LastIntDate": "22/2/2000",
            "LedgerBalance": 5739,
            "NormalInterestRate": 13
        },
        {
            "id": 2,
            "Scheme": 685,
            "CustomerID": 20100,
            "AccountNo": 57127568,
            "Title": "Mr.",
            "Name": "ABC PQR",
            "LastIntDate": "22/2/2000",
            "LedgerBalance": 5739,
            "TransferfromScheme": 89533,
            "TransferfromAcNo": 63872,
            "NormalInterestRate": 13
        },
        {
            "id": 3,
            "Scheme": 89533,
            "CustomerID": 20200,
            "AccountNo": 5712357,
            "Title": "Mr.",
            "Name": "ABC PQR",
            "LastIntDate": "22/2/2000",
            "LedgerBalance": 5739,
            "TransferfromScheme": 89533,
            "TransferfromAcNo": 63872,
            "NormalInterestRate": 13
        },
        {
            "id": 4,
            "Scheme": 956,
            "CustomerID": 20300,
            "AccountNo": 5712735,
            "Title": "Mr.",
            "Name": "ABC PQR",
            "LastIntDate": "22/2/2000",
            "LedgerBalance": 5739,
            "TransferfromScheme": 89533,
            "TransferfromAcNo": 63872,
            "NormalInterestRate": 13
        },
        {
            "id": 5,
            "Scheme": 36,
            "CustomerID": 20400,
            "AccountNo": 5743689,
            "Title": "Mr.",
            "Name": "ABC PQR",
            "LastIntDate": "22/2/2000",
            "LedgerBalance": 5739,
            "TransferfromScheme": 89533,
            "TransferfromAcNo": 63872,
            "NormalInterestRate": 13
        }
    ]
}