{
    "data": [{
            "id": 1,
            "GeneralLedgerCode": 31,
            "GeneralLedgerName": "a",
            "StatementCode": "a",
            "IsRedBalanceAccount": "Yes",
            "IsAllowDirectEntryToAccount": "Yes",
           
            "CashInTransitAccount": "Yes",
            "IsTaxableForGST": "Yes",
            "IsActiveAccount": "Yes"
       
           
           
        },
        {
            "id": 2,
            "GeneralLedgerCode": 32,
            "GeneralLedgerName": "b",
            "StatementCode": "b",
            "IsRedBalanceAccount": "No",
            "IsAllowDirectEntryToAccount": "Yes",
           
            "CashInTransitAccount": "No",
            "IsTaxableForGST": "No",
            "IsActiveAccount": "Yes"
       
           
           
        },
        {
            "id": 3,
            "GeneralLedgerCode": 33,
            "GeneralLedgerName": "f",
            "StatementCode": "c",
            "IsRedBalanceAccount": "No",
            "IsAllowDirectEntryToAccount": "Yes",
           
            "CashInTransitAccount": "Yes",
            "IsTaxableForGST": "Yes",
            "IsActiveAccount": "Yes"
       
           
           
        },
        {
            "id": 4,
            "GeneralLedgerCode": 34,
            "GeneralLedgerName": "ggg",
            "StatementCode": "d",
            "IsRedBalanceAccount": "Yes",
            "IsAllowDirectEntryToAccount": "Yes",
           
            "CashInTransitAccount": "Yes",
            "IsTaxableForGST": "Yes",
            "IsActiveAccount": "Yes"
       
           
           
        }
        
       
    ]
}