{
    "data": [
        {
            "BranchCode":1,
            "schemeCode":"categogy A",
            "Date":1212,
            "AccountNo":111,
            "Voucher_Number":123
            
        },
        {
            "BranchCode":2,
            "schemeCode":"categogy A",
            "Date":1212,
            "AccountNo":111,
            "Voucher_Number":123
            
        },{
            "BranchCode":3,
            "schemeCode":"categogy A",
            "Date":1212,
            "AccountNo":111,
            "Voucher_Number":123
            
        }
        
    ]
}