{
    "data": [
        {
            "IndustryCode":1456,
            "Description":"categogy A"
        },
        {
            "IndustryCode":3456,
            "Description":"categogy B"
        },
        {
            "IndustryCode":5456,
            "Description":"categogy C"
        },
        {
            "IndustryCode":7456,
            "Description":"categogy D"
        },
        {
            "IndustryCode":9456,
            "Description":"categogy E"
        }

    ]
}