{
    "data": [
        {
            "scheme":56,
            "membernofrom":"12",
            "tomemberno":"34",
            "memberno":"65",
            "accno":"457",
            "refaccno":"456",
            "accname":"adf",
            "installment":"2345",
            "newinstallment":"2345",
            "closedate":"2/34/1234"
        },
        {
            "scheme":16,
            "membernofrom":"12",
            "tomemberno":"34",
            "memberno":"65",
            "accno":"457",
            "refaccno":"456",
            "accname":"adf",
            "installment":"2345",
            "newinstallment":"2345",
            "closedate":"2/34/1234"
        },
        {
            "scheme":6,
            "membernofrom":"12",
            "tomemberno":"34",
            "memberno":"65",
            "accno":"457",
            "refaccno":"456",
            "accname":"adf",
            "installment":"2345",
            "newinstallment":"2345",
            "closedate":"2/34/1234"
        }
        

    ]
}