{
    "data": [
        {
            "SchemeCode": "1211",
            "AccountNo": "123456",
            "SinglePage": "11111",
            "Passbook": "111111",
            "firstPage": "Yes",
            "balancePage": "No",
            "PrintFromDate": "23/34/4567"
            
        },
        {
            "SchemeCode": "11",
            "AccountNo": "123456",
            "SinglePage": "11111",
            "Passbook": "111111",
            "firstPage": "Yes",
            "balancePage": "No",
            "PrintFromDate": "23/34/4567"
            
        },
        {
            "SchemeCode": "121",
            "AccountNo": "123456",
            "SinglePage": "11111",
            "Passbook": "111111",
            "firstPage": "Yes",
            "balancePage": "No",
            "PrintFromDate": "23/34/4567"
            
        },
        {
            "SchemeCode": "311",
            "AccountNo": "123456",
            "SinglePage": "11111",
            "Passbook": "111111",
            "firstPage": "Yes",
            "balancePage": "No",
            "PrintFromDate": "23/34/4567"
            
        }
        

     
          
    ]
}