{

    "data":[
        {
          "scheme": 20100,
          "name": "Member Deposit",
          "type": "instaliment",
          "payfield":"NA"

        },
        {
            "scheme": 20101,
            "name": "Recurring Deposite",
            "type": "instaliment",
            "payfield":"DED4"
  
        },
        {
            "scheme": 20200,
            "name": "Shares Con",
            "type": "instaliment",
            "payfield":"DED5"
  
        },
        {
            "scheme": 20110,
            "name": "Manugraph Lak",
            "type": "instaliment",
            "payfield":"NA"
  
          },
          {
              "scheme": 20210,
              "name": "Recurring Deposite",
              "type": "Member Loan",
              "payfield":"DED8"
    
          },
          {
              "scheme": 70200,
              "name": "Emergent Loan",
              "type": "instaliment",
              "payfield":"DED5"
    
          },
          {
            "scheme": 71100,
            "name": "Security Loan",
            "type": "instaliment",
            "payfield":"FPF"
  
          },
          {
              "scheme": 75101,
              "name": "Education Loan",
              "type": "instaliment",
              "payfield":"PF"
    
          },
          {
              "scheme": 70500,
              "name": "Housing Loan",
              "type": "instaliment",
              "payfield":"PTAX"
    
          }
    ]

}