{
    "data": [
        {
            "id": 1,
            "Scheme": 21,
            "AccountNo": 658,
            "Name": "ABC",
            "BankCode": 18900,
            "BranchCode": 18356295,
            "ReceiptNo": 7325,
            "AcOpenDate": "5/09/2011",
            "AsOnDate": "23/8/2020",
            "MaturityDate": "4/12/2021",
            "Months": 45,
            "Days": 321,
            "DepositAmount": 698469,
            "IntRate": 12,
            "MaturityAmount": 6989867
        },
        {
            "id": 2,
            "Scheme": 223,
            "AccountNo": 658,
            "Name": "ABC",
            "BankCode": 18969,
            "BranchCode": 75432,
            "ReceiptNo": 7325,
            "AcOpenDate": "5/10/2011",
            "AsOnDate": "23/8/2020",
            "MaturityDate": "4/12/2021",
            "Months": 45,
            "Days": 321,
            "DepositAmount": 698469,
            "IntRate": 12,
            "MaturityAmount": 6989867
        }
    ]
}