{
    "data": [
        {
            "id": 1,
            "Scheme": 634,
            "CustomerID": 10100,
            "AccountNo": 5712759,
            "Title": "Mr.",
            "Name": "ABC PQR",
            "LastIntDate": "22/2/2000",
            "LedgerBalance": 5739,
            "NormalInterestRate": 13
        },
        {
            "id": 2,
            "Scheme": 4647,
            "CustomerID": 20100,
            "AccountNo": 57127568,
            "Title": "Mr.",
            "Name": "ABC PQR",
            "LastIntDate": "22/2/2000",
            "LedgerBalance": 5739,
            "NormalInterestRate": 13
        },
        {
            "id": 3,
            "Scheme": 85345,
            "CustomerID": 20200,
            "AccountNo": 5712357,
            "Title": "Mr.",
            "Name": "ABC PQR",
            "LastIntDate": "22/2/2000",
            "LedgerBalance": 5739,
            "NormalInterestRate": 13
        },
        {
            "id": 4,
            "Scheme": 7568,
            "CustomerID": 20300,
            "AccountNo": 5712735,
            "Title": "Mr.",
            "Name": "ABC PQR",
            "LastIntDate": "22/2/2000",
            "LedgerBalance": 5739,
            "NormalInterestRate": 13
        },
        {
            "id": 5,
            "Scheme": 3577,
            "CustomerID": 20400,
            "AccountNo": 5743689,
            "Title": "Mr.",
            "Name": "ABC PQR",
            "LastIntDate": "22/2/2000",
            "LedgerBalance": 5739,
            "NormalInterestRate": 13
        }
    ]
}