{
    "data": [{
            "SchemeCode": "A",
            "Startingac": 122344,
            "Endingac": 10100,
            "FromDate": "23/03/2334",
            "ToDate": "23/4/2345"
        },
        {
            "SchemeCode": "B",
            "Startingac": 12345,
            "Endingac": 10100,
            "FromDate": "11/2/2345",
            "ToDate": "23/4/2345"
        },
        {
            "SchemeCode": "C",
            "Startingac": 23456,
            "Endingac": 10100,
            "FromDate": "23/4/2345",
            "ToDate": "11/2/2345"
        }

    ]
}