{
    "data": [{
            "CategoryCode": 1,
            "DepreciationRate": 10,
            "date": "2011/04/25",
            "financial_year":2017,
            "interest_amount": 1530,
            "tds_rate":9684,
            "surcharge_rate":35415
        },
        {
            "CategoryCode": 2,
            "DepreciationRate": 10,
            "date": "2012/03/05",
            "financial_year":2017,
            "interest_amount": 46653,
            "tds_rate":741,
            "surcharge_rate":568768
        },
        {
            "CategoryCode": 3,
            "DepreciationRate": 10,
            "date": "2012/02/25",
            "financial_year":2019,
            "interest_amount": 35445,
            "tds_rate":48651,
            "surcharge_rate":354154645
        },
        {
            "CategoryCode": 4,
            "DepreciationRate": 10,
            "date": "2010/04/15",
            "financial_year":2020,
            "interest_amount": 545,
            "tds_rate":4524,
            "surcharge_rate":5452
        },
        {
            "CategoryCode": 5,
            "DepreciationRate": 10,
            "date": "2010/02/25",
            "financial_year":2017,
            "interest_amount": 1530,
            "tds_rate":9684,
            "surcharge_rate":35415
        },
        {
            "CategoryCode": 6,
            "DepreciationRate": 10,
            "date": "2019/08/25",
            "financial_year":2016,
            "interest_amount": 54641,
            "tds_rate":845,
            "surcharge_rate":5455415
        },
        {
            "CategoryCode": 7,
            "DepreciationRate": 10,
            "date": "2019/06/25",
            "financial_year":2017,
            "interest_amount": 1530,
            "tds_rate":9684,
            "surcharge_rate":35415
        },
        {
            "CategoryCode": 8,
            "DepreciationRate": 10,
            "date": "2011/04/25",
            "financial_year":2017,
            "interest_amount": 1530,
            "tds_rate":9684,
            "surcharge_rate":35415
        },
        {
            "CategoryCode": 9,
            "DepreciationRate": 10,
            "date": "2011/04/25",
            "financial_year":2017,
            "interest_amount": 1530,
            "tds_rate":9684,
            "surcharge_rate":35415
        },
        {
            "CategoryCode": 10,
            "DepreciationRate": 10,
            "date": "2011/04/25",
            "financial_year":2017,
            "interest_amount": 1530,
            "tds_rate":9684,
            "surcharge_rate":35415
        },
        {
            "CategoryCode": 11,
            "DepreciationRate": 10,
            "date": "2011/04/25",
            "financial_year":2017,
            "interest_amount": 1530,
            "tds_rate":9684,
            "surcharge_rate":35415
        },
        {
            "CategoryCode": 12,
            "DepreciationRate": 10,
            "date": "2011/04/25",
            "financial_year":2017,
            "interest_amount": 1530,
            "tds_rate":9684,
            "surcharge_rate":35415
        },
        {
            "CategoryCode": 13,
            "DepreciationRate": 10,
            "date": "2011/04/25",
            "financial_year":2017,
            "interest_amount": 1530,
            "tds_rate":9684,
            "surcharge_rate":35415
        },
        {
            "CategoryCode": 14,
            "DepreciationRate": 10,
            "date": "2011/04/25",
            "financial_year":2017,
            "interest_amount": 1530,
            "tds_rate":9684,
            "surcharge_rate":35415
        },
        {
            "CategoryCode": 15,
            "DepreciationRate": 10,
            "date": "2011/04/25",
            "financial_year":2017,
            "interest_amount": 1530,
            "tds_rate":9684,
            "surcharge_rate":35415
        },
        {
            "CategoryCode": 16,
            "DepreciationRate": 10,
            "date": "2011/05/21",
            "financial_year":2017,
            "interest_amount": 1530,
            "tds_rate":9684,
            "surcharge_rate":35415
        }
    ]
}