{
    "data": [{
            "id": 1,
            "Code1": 31,
            "Name1": "a",
            "Type3": "On Balance Sheet Item",
            "AddProfitLossAmount": "yes",
            "SerialNo1": 3,
            "PercentageOfcode1": 4,
            "LinkingInputAllowed1": "yes",
            "IsPrintinGLReport1": "yes",
            "Percentage1": 4,
            "PercentageConsideration":1
           
           
        },
        {
            "id": 1,
            "Code1": 32,
            "Name1": "a",
            "Type3": "On Balance Sheet Item",
            "AddProfitLossAmount": "yes",
            "SerialNo1": 3,
            "PercentageOfcode1": 4,
            "LinkingInputAllowed1": "yes",
            "IsPrintinGLReport1": "yes",
            "Percentage1": 4,
            "PercentageConsideration":1
           
           
        }
       
        
        
       
    ]
}