{
    "data": [
        
        {
            "Date": "10/2/1999",
            "StartFrom": "10/2/1999",
            "NextExecutionOn": "10/2/1999",
            "InstructionNo": 1234,
            "Cash":"Yes",
            "Transfer":"No",
            "LastExecutedOn": "10/2/1999",
            "StatementType": "2468",
            "Scheme": "Manager",
            "AccountNo": "Kolhapur",
            "Particulars": "xyz",
            "Scheme2": "528",
            "AccountNo2": 231,
            "Particulars2": 416012,
            "AdviceNarration": 1245,
            "RevokeDate": "10/2/1999",
            "IsDiscountedInterestApplicable":"Yes"
    },
    {
        "Date": "10/2/1999",
        "StartFrom": "10/2/1999",
        "NextExecutionOn": "10/2/1999",
        "InstructionNo": 32157,
        "Cash":"Yes",
        "Transfer":"No",
        "LastExecutedOn": "10/2/1999",
            "StatementType": "2468",
            "Scheme": "Manager",
            "AccountNo": "Kolhapur",
            "Particulars": "xyz",
            "Scheme2": "528",
            "AccountNo2": 231,
            "Particulars2": 416012,
            "AdviceNarration": 1245,
            "RevokeDate": "10/2/1999",
            "IsDiscountedInterestApplicable":"No"
},
{
    "Date": "10/2/1999",
    "StartFrom": "10/2/1999",
    "NextExecutionOn": "10/2/1999",
    "InstructionNo": 3468,
    "Cash":"No",
    "Transfer":"Yes",
    "LastExecutedOn": "10/2/1999",
    "StatementType": "2468",
    "Scheme": "Manager",
    "AccountNo": "Kolhapur",
    "Particulars": "xyz",
    "Scheme2": "528",
    "AccountNo2": 231,
    "Particulars2": 416012,
    "AdviceNarration": 1245,
    "RevokeDate": "10/2/1999",
    "IsDiscountedInterestApplicable":"Yes"
}
        

        

    ]
}