{
    "data": [{
            "srno":1,
            "from_amount": 1,
            "to_amount": 100000,
            "ir":  12.25,
            "penal_ir_rate": 0.00,
            "charges_amount" : 150
        },{
            "srno":2,
            "ir":  11.25,
            "from_amount": 100000,
            "to_amount": 500000,
            "penal_ir_rate": 1.25,
            "charges_amount" : 170
        },{
            "srno":3,
            "ir":  12.00,
            "from_amount": 500000,
            "to_amount": 1000000,
            "penal_ir_rate": 1.00,
            "charges_amount" : 130
        },{
            "srno":4,
            "ir":  10.25,
            "from_amount": 100000,
            "to_amount": 10000000,
            "penal_ir_rate": 2.00,
            "charges_amount" : 170
        },{
            "srno":5,
            "ir":  12.50,
            "from_amount": 5100000,
            "to_amount": 7100000,
            "penal_ir_rate": 1.50,
            "charges_amount" : 130
        },{
            "srno":6,
            "ir":  13.25,
            "from_amount": 100000,
            "to_amount": 2,
            "penal_ir_rate": 0.50,
            "charges_amount" : 150
        },{
            "srno":7,
            "ir":  15.25,
            "from_amount": 1800000,
            "to_amount": 1000002,
            "penal_ir_rate": 3.00,
            "charges_amount" : 190
        },{
            "srno":8,
            "ir":  7.25,
            "from_amount": 100000,
            "to_amount": 100000,
            "penal_ir_rate": 1.25,
            "charges_amount" : 210
        },{
            "srno":9,
            "ir":  8.25,
            "from_amount": 100000,
            "to_amount": 100000,
            "penal_ir_rate": 0.00,
            "charges_amount" : 170
        },{
            "srno":10,
            "ir":  12.25,
            "from_amount": 100000,
            "to_amount": 2100000,
            "penal_ir_rate": 0.00,
            "charges_amount" : 180
        }
    ]
}