{
    "data": [{
            "RackNumber": 1456,
            "RackDescription": "categogy A",
            "LockersFromTo": 5000,
            "LockersTo": 250
        },
        {
            "RackNumber": 3456,
            "RackDescription": "categogy B",
            "LockersFromTo": 5000,
            "LockersTo": 250
        },
        {
            "RackNumber": 5456,
            "RackDescription": "categogy C",
            "LockersFromTo": 5000,
            "LockersTo": 250
        },
        {
            "RackNumber": 7456,
            "RackDescription": "categogy D",
            "LockersFromTo": 5000,
            "LockersTo": 250
        },
        {
            "RackNumber": 9456,
            "RackDescription": "categogy E",
            "LockersFromTo": 5000,
            "LockersTo": 250
        }

    ]
}