{
    "data": [
        {
            "RackNumber":1456,
            "LockerNumber":"categogy A",
            "LockerKeyNumber":5000,
            "Lockersize":50
        },
        {
            "RackNumber":3456,
            "LockerNumber":"categogy B",
            "LockerKeyNumber":50010,
            "Lockersize":50
        },
        {
            "RackNumber":5456,
            "LockerNumber":"categogy C",
            "LockerKeyNumber":890,
            "Lockersize":50
        },
        {
            "RackNumber":7456,
            "LockerNumber":"categogy D",
            "LockerKeyNumber":9560,
            "Lockersize":50
        },
        {
            "RackNumber":9456,
            "LockerNumber":"categogy E",
            "LockerKeyNumber":2386,
            "Lockersize":50
        }

    ]
}