{
    "data": [
        {
            
            "Scheme": 346,
            "MemberNo": 10100,
            "TransactionNo": "456",
            "MembershipDate": "2/02/2020",
            "TotalNoOfShares": "69",
            "TotalSharesAmount": "13549",
            "ResolutionDate": "6/02/2020",
            "ResolutionNo": "23",
            "Cash":"Yes",
            "Transfer":"No",
            "MemberCancelDate": "2/2/2021",
            "Reason": "No"
            
           
          
        },
        {
            
            "Scheme": 799,
            "MemberNo": 20100,
            "TransactionNo": "658",
            "MembershipDate": "5/6/2020",
            "TotalNoOfShares": "20",
            "TotalSharesAmount": "45795",
            "ResolutionDate": "5489",
            "ResolutionNo": "26",
            "Cash":"No",
            "Transfer":"Yes",
            "MemberCancelDate": "2/2/2020",
            "Reason":"yes"
        }
       
    ]
}