{
    "data": [
        {
            "SchemeCode": "1211",
            "AccountNo": "123456",
            "SinglePage": "11111",
            "Passbook": "111111",
            "firstPage": "Yes",
            "balancePage": "No"
            
        },
        {
            "SchemeCode": "11",
            "AccountNo": "123456",
            "SinglePage": "11111",
            "Passbook": "111111",
            "firstPage": "No",
            "balancePage": "Yes"
            
        },
        {
            "SchemeCode": "11",
            "AccountNo": "123456",
            "SinglePage": "11111",
            "Passbook": "111111",
            "firstPage": "Yes",
            "balancePage": "No"
            
        },
        {
            "SchemeCode": "331",
            "AccountNo": "123456",
            "SinglePage": "11111",
            "Passbook": "111111",
            "firstPage": "No",
            "balancePage": "Yes"
            
        }

     
          
    ]
}