{
    "data": [{
            "id": 1,
           
            "UserID": "a",
            "Date": "4/31/1998",
            "EntryTime": 41414141,
            "SrNo": "l",
            "FromDate":"1/3/3000",
            "UpToDate": "3/4/2001",
            "Frequency": "Monthly",
          
            
            
            "Details": 123,
            "NextExeuDate": "1/3/3000"
            
           
           
        }
       
       
       
        
       
    ]
}