{
    "data": [
        {
            "Scheme": 1,
            "Accountno": 21,
            "FromDate": 658,
            "ToDate": "ABC",
            "AccountOpeningDate": 18900,
            "Date":"23/03/2000",
            "particulars":"a",
            "TranType":"ass",
            "DrAmount":234,
            "CrAmount":3444,
            "ClosingBalance":9877,
            "DrDividend":"EE",
            "CrDividend":"EF",
            "DividendBalance":34,
            "BonusAmount":45,
            "RebitInt":232,
            "CertificateNo":12345,
            "NoOfShares":12,
            "SharesFromTo":"WEE",
            "FaceValue":23,
            "OfficerID":123456,
            "VoucherNo":3,
            "FreezeAccountStatus":3,
            "AccountClosedOn":3
        },
        {
            "Scheme": 2,
            "Accountno": 21,
            "FromDate": 658,
            "ToDate": "ABC",
            "AccountOpeningDate": 18900,
            "Date":"23/03/2000",
            "particulars":"a",
            "TranType":"ass",
            "DrAmount":234,
            "CrAmount":3444,
            "ClosingBalance":9877,
            "DrDividend":"EE",
            "CrDividend":"EF",
            "DividendBalance":34,
            "BonusAmount":45,
            "RebitInt":232,
            "CertificateNo":12345,
            "NoOfShares":12,
            "SharesFromTo":"WEE",
            "FaceValue":23,
            "OfficerID":123456,
            "VoucherNo":3,
            "FreezeAccountStatus":3,
            "AccountClosedOn":3

        }
    ]
}