{
    "data": [
      {
        "id": 1,
        "type": "SB",
        "code":10100,
        "name": "SAVINGS DEPOSIT",
        "shortName":"SAVINGS",
        "voucherSMS": "",
        "showShortName": "",
        "reminders": ""
      },
      {
        "id": 2,
        "type": "TD",
        "code":20100,
        "name": "MEMBER DEPOSIT",
        "shortName":"MEMBERDEP",
        "voucherSMS": "",
        "showShortName": "",
        "reminders": ""
      },
      {
        "id": 3,
        "type": "TD",
        "code":20200,
        "name": "RECURRING DEPOSIT",
        "shortName":"RECURRING",
        "voucherSMS": "",
        "showShortName": "",
        "reminders": ""
      },
      {
        "id": 4,
        "type": "TD",
        "code":20300,
        "name": "1 YEAR FIXED DEPOSIT",
        "shortName":"1 YEAR",
        "voucherSMS": "",
        "showShortName": "",
        "reminders": ""
      },
      {
        "id": 5,
        "type": "TD",
        "code":20400,
        "name": "3 YEAR FIXED DEPOSIT",
        "shortName":"3 YEAR",
        "voucherSMS": "",
        "showShortName": "",
        "reminders": ""
      },
      {
        "id": 6,
        "type": "TD",
        "code":20500,
        "name": "SHARES CONTRIBUTION",
        "shortName":"CONTIBUTI",
        "voucherSMS": "",
        "showShortName": "",
        "reminders": ""
      },
      {
        "id": 7,
        "type": "TD",
        "code":20600,
        "name": "MANUGRAPH DHANLAXMI",
        "shortName":"M.DHANLAXM",
        "voucherSMS": "",
        "showShortName": "",
        "reminders": ""
      },
      {
        "id": 8,
        "type": "TD",
        "code":20700,
        "name": "DAM DUPPAT DEPOSIT",
        "shortName":"DAMDUPPAT",
        "voucherSMS": "",
        "showShortName": "",
        "reminders": ""
      },
      {
        "id": 9,
        "type": "TD",
        "code":20800,
        "name": "46 DAYS FIXED DEPOSIT",
        "shortName":"46 DAYS",
        "voucherSMS": "",
        "showShortName": "",
        "reminders": ""
      },
      {
        "id": 10,
        "type": "TD",
        "code":20900,
        "name": "MANUGRAPH LAKHPATI",
        "shortName":"M.LAKHPATI",
        "voucherSMS": "",
        "showShortName": "",
        "reminders": ""
      },
      {
        "id": 11,
        "type": "TD",
        "code":21000,
        "name": "15 MONTHS TO 24 MONTHS",
        "shortName":"15TO24MTH",
        "voucherSMS": "",
        "showShortName": "",
        "reminders": ""
      },
      {
        "id": 12,
        "type": "TD",
        "code":21200,
        "name": "SUVARN MANUGRAPH DEPOSIT",
        "shortName":"SUVARNDEP",
        "voucherSMS": "",
        "showShortName": "",
        "reminders": ""
      },
      {
        "id": 13,
        "type": "TD",
        "code":21300,
        "name": "12 MONTHS FIXED DEPOSIT",
        "shortName":"1YEAR1",
        "voucherSMS": "",
        "showShortName": "",
        "reminders": ""
      },
      {
        "id": 14,
        "type": "LN",
        "code":70100,
        "name": "MEMBER LOAN",
        "shortName":"MEMBERLOAN",
        "voucherSMS": "",
        "showShortName": "",
        "reminders": ""
      },
      {
        "id": 15,
        "type": "LN",
        "code":70200,
        "name": "EMERGENT LOAN",
        "shortName":"EMERLOAN",
        "voucherSMS": "",
        "showShortName": "",
        "reminders": ""
      },
      {
        "id": 16,
        "type": "LN",
        "code":70300,
        "name": "SECURITY LOAN",
        "shortName":"SECURITYLOAN",
        "voucherSMS": "",
        "showShortName": "",
        "reminders": ""
      },
      {
        "id": 17,
        "type": "LN",
        "code":70400,
        "name": "HOUSING LOAN",
        "shortName":"HOUSINGLOAN",
        "voucherSMS": "",
        "showShortName": "",
        "reminders": ""
      },
      {
        "id": 18,
        "type": "LN",
        "code":70500,
        "name": "EDUCATION LOAN",
        "shortName":"EDULOAN",
        "voucherSMS": "",
        "showShortName": "",
        "reminders": ""
      },
      {
        "id": 19,
        "type": "LN",
        "code":70600,
        "name": "LOAN AGAINST DEPOSIT",
        "shortName":"DEPT LOAN",
        "voucherSMS": "",
        "showShortName": "",
        "reminders": ""
      },
      {
        "id": 20,
        "type": "LN",
        "code":70700,
        "name": "MANUGRAPH EMPL",
        "shortName":"M.REC.LN",
        "voucherSMS": "",
        "showShortName": "",
        "reminders": ""
      },
      {
        "id": 21,
        "type": "GS",
        "code":90100,
        "name": "ANAMAT",
        "shortName":"ANAMAT",
        "voucherSMS": "",
        "showShortName": "",
        "reminders": ""
      },      
      {
        "id": 22,
        "type": "GS",
        "code":90200,
        "name": "MEMBER LOAN",
        "shortName":"MKALYANLN",
        "voucherSMS": "",
        "showShortName": "",
        "reminders": ""
      },
      {
        "id": 23,
        "type": "GS",
        "code":90300,
        "name": "MEMBER ANAMAT",
        "shortName":"MEMBERANAMAT",
        "voucherSMS": "",
        "showShortName": "",
        "reminders": ""
      },
      {
        "id": 24,
        "type": "SH",
        "code":99010,
        "name": "MEMBER SHARES",
        "shortName":"SHARES",
        "voucherSMS": "",
        "showShortName": "",
        "reminders": ""
      }
    ]
  }