{
    "data": [
        {
            "TransactionNo": 5693,
            "Scheme": 21,
            "AccountNo": 658,
            "Cash": "Yes",
            "Transfer": "No",
            "AcOpenDate": "5/09/2011",
            "LastInterestDate": "23/09/2018",
            "LedgerBalance": 4696983,
            "Deposit": "Yes",
            "InterestReceived": "No",
            "ReceiptNo": 7325,
            "InterestuptoDate": "12/12/2012",
            "TransactionAmount": 72358,
            "CreditGLAcNo": 6923859,
            "Narration": "Narration",
            "TransactionDate": "14/08/2019"
        },
        {
            "TransactionNo": 56968,
            "Scheme": 223,
            "AccountNo": 658,
            "Cash": "Yes",
            "Transfer": "No",
            "AcOpenDate": "5/10/2011",
            "LastInterestDate": "23/09/2018",
            "LedgerBalance": 4696983,
            "Deposit": "No",
            "InterestReceived": "Yes",
            "ReceiptNo": 7325,
            "InterestuptoDate": "12/12/2012",
            "TransactionAmount": 72358,
            "CreditGLAcNo": 6923859,
            "Narration": "Narration",
            "TransactionDate": "14/08/2019"
        }
    ]
}