{
    "data": [
        {
            "AdvocateCode":1456,
            "Description":"categogy A"
        },
        {
            "AdvocateCode":3456,
            "Description":"categogy B"
        },
        {
            "AdvocateCode":5456,
            "Description":"categogy C"
        },
        {
            "AdvocateCode":7456,
            "Description":"categogy D"
        },
        {
            "AdvocateCode":9456,
            "Description":"categogy E"
        }

    ]
}