{
    "data":[
        {
            "VoucherNumber":1,
            "checkbox":"yes",
            "VoucherDate":"02-07-2021",
            "BranchCode":"system branch",
            "Importfile":" D:/Compserv/Utility/Manugraphdata.xlsx",
            "CompanyCode":1,
            "DebitAccount1":50100,
            "DebitAccount2":10,
            "LedgerBalance":1000,
            "ChequeNoT":"PT",
            "ChequeNo": "0236541",
            "CheqDate":"20-04-2021",
            "VoucherAmount":1000,
            "Narration":"n",
            "TotalAmount":"425.20",
            "Createdby":"Ganesh"

        
        },
        {
        "VoucherNumber":10,
        "checkbox":"no",
        "VoucherDate":"02-07-2021",
        "BranchCode":"system branch",
        "Importfile":" D:/Compserv/Utility/Manugraphdata.xlsx",
        "CompanyCode":1,
        "DebitAccount1":50100,
        "DebitAccount2":10,
        "LedgerBalance":1000,
        "ChequeNoT":"PT",
        "ChequeNo": "0236541",
        "CheqDate":"20-04-2021",
        "VoucherAmount":1000,
        "Narration":"n",
        "TotalAmount":"425.20",
        "Createdby":"Ganesh"
        }
    ]
}