{
    "data": [
        {
            "BranchCode": 1,
            "BranchName": "SB",
            "AccountNo": 10100
            
        },
        {
            "BranchCode": 2,
            "BranchName": "SBI",
            "AccountNo": 10101
        },
        {
            "BranchCode": 3,
            "BranchName": "ICICI",
            "AccountNo": 101000
        },
        {
            "BranchCode": 4,
            "BranchName": "BOI",
            "AccountNo": 101670
        },
        {
            "BranchCode": 5,
            "BranchName": "BOM",
            "AccountNo": 701670
        }

     
          
    ]
}