{
    "data": [
        {
            "CityCode": 11,
            "CityName": "Kolhpur",
            "Distance": 3,
            "TalukaCode": 416017,
            "DistrictCode": 416001,
            "StateCode": 27,
            "Region": "India"
        },
        {
            "CityCode": 81,
            "CityName": "Kolhpur",
            "Distance": 3,
            "TalukaCode": 416017,
            "DistrictCode": 416001,
            "StateCode": 27,
            "Region": "India"
        },
        {
            "CityCode": 11,
            "CityName": "Kolhpur",
            "Distance": 3,
            "TalukaCode": 416017,
            "DistrictCode": 416001,
            "StateCode": 27,
            "Region": "India"
        },
        {
            "CityCode": 21,
            "CityName": "Kolhpur",
            "Distance": 23,
            "TalukaCode": 416007,
            "DistrictCode": 416001,
            "StateCode": 27,
            "Region": "India"
        }
    ]
}