{
    "data": [
        {
            "WarrantDate": "10/12/2020",
            "TransferToReserveFundOrOtherAccount": "Yes",
            "SchemeCode":1245,
            "AccountNo": 1234598523
        },
        {
            "WarrantDate": "10/12/2020",
            "TransferToReserveFundOrOtherAccount": "No",
            "SchemeCode":1245,
            "AccountNo": 4598523123
        },
        {
            "WarrantDate": "10/12/2020",
            "TransferToReserveFundOrOtherAccount": "Yes",
            "SchemeCode":1245,
            "AccountNo": 1238523459
        }
    ]
}