{
    "data": [
      {
        "Scheme": 1,
        "DividendAmount": "3500",
        "MemberNo": "170",
        "OtherAmount":"2500",
        "WarrantDate": "5/4/2014",
        "FromYear": 2014,
        "ToYear": "2015",
        "TransferScheme":"xyz",
        "TransferAcNo":"4258"
       
      },
      {
        "Scheme": 2,
        "DividendAmount": "6000",
        "MemberNo": "354",
        "OtherAmount":"2500",
        "WarrantDate": "12/5/2010",
        "FromYear": 2010,
        "ToYear": "2011",
        "TransferScheme":"xyz",
        "TransferAcNo":"4258"
     
      },
      {
        "Scheme": 3,
        "DividendAmount": "4500",
        "MemberNo": "235",
        "OtherAmount":"2500",
        "WarrantDate": "10/12/2020",
        "FromYear": "2020",
        "ToYear": "2021",
        "TransferScheme":"xyz",
        "TransferAcNo":"4258"
        
      }
    ]
  }
  