{
    "data": [
        {
            "CustomerID": 378,
            "MemberType": 657,
            "Membercode": 5779,
            "Name": "KLM",
            "ExpiryDate": "12/05/2019",
            "AddressLine1": "KYC LMN",
            "AddressLine2": "PQR UVW",
            "AddressLine3": "XYZ",
            "City": 7879
        },
        {
            "CustomerID": 353,
            "MemberType": 657,
            "Membercode": 5779,
            "Name": "KLM",
            "ExpiryDate": "12/05/2019",
            "AddressLine1": "KYC LMN",
            "AddressLine2": "PQR UVW",
            "AddressLine3": "XYZ",
            "City": 7879
        }
    ]
}