{
    "data": [
        {
            "LoanStageCode":1456,
            "Description":"categogy A"
        },
        {
            "LoanStageCode":3456,
            "Description":"categogy B"
        },
        {
            "LoanStageCode":5456,
            "Description":"categogy C"
        },
        {
            "LoanStageCode":7456,
            "Description":"categogy D"
        },
        {
            "LoanStageCode":9456,
            "Description":"categogy E"
        }

    ]
}