{
    "data": [
        {
            "OccupationCode":1456,
            "Description":"categogy A"
        },
        {
            "OccupationCode":3456,
            "Description":"categogy B"
        },
        {
            "OccupationCode":5456,
            "Description":"categogy C"
        },
        {
            "OccupationCode":7456,
            "Description":"categogy D"
        },
        {
            "OccupationCode":9456,
            "Description":"categogy E"
        }

    ]
}