{
    "data": [
        {
            "OperationCode":1456,
            "Description":"categogy A"
        },
        {
            "OperationCode":3456,
            "Description":"categogy B"
        },
        {
            "OperationCode":5456,
            "Description":"categogy C"
        },
        {
            "OperationCode":7456,
            "Description":"categogy D"
        },
        {
            "OperationCode":9456,
            "Description":"categogy E"
        }

    ]
}