{
    "data": [
        {
            "Prioritysectorcode":1456,
            "subcode":111,
            "secondsubcode":222,
            "thirdsubcode":333,
            "Description":"categogy A"
        },
        {
            "Prioritysectorcode":3456,
            "subcode":111,
            "secondsubcode":222,
            "thirdsubcode":333,
            "Description":"categogy B"
        },
        {
            "Prioritysectorcode":5456,
            "subcode":111,
            "secondsubcode":222,
            "thirdsubcode":333,
            "Description":"categogy C"
        },
        {
            "Prioritysectorcode":7456,
            "subcode":111,
            "secondsubcode":222,
            "thirdsubcode":333,
            "Description":"categogy D"
        },
        {
            "Prioritysectorcode":9456,
            "subcode":111,
            "secondsubcode":222,
            "thirdsubcode":333,
            "Description":"categogy E"
        }

    ]
}