{
    "data": [
      {
        "No": 1,
        "Description": "MEMBER LOAN Balance",
        "Applicable": "X",
        "Allow Extra Amount": "X",
        "Allow Edit Amount": "X"
      },
      {
        "No": 2,
        "Description": "CONTRIBUTlPrm",
        "Applicable": "X",
        "Allow Extra Amount": "X",
        "Allow Edit Amount": "X"
      },
      {
        "No": 3,
        "Description": "MEMBERLOANPrm",
        "Applicable": "X",
        "Allow Extra Amount": "X",
        "Allow Edit Amount": "X"
      },
      {
        "No": 4,
        "Description": "EMER.LOANBalance",
        "Applicable": "X",
        "Allow Extra Amount": "X",
        "Allow Edit Amount": "X"
      },
      {
        "No": 5,
        "Description": "EMER.LOANIntPrm",
        "Applicable": "X",
        "Allow Extra Amount": "X",
        "Allow Edit Amount": "X"
      },
      {
        "No": 6,
        "Description": "EMER.LOANPrm",
        "Applicable": "X",
        "Allow Extra Amount": "X",
        "Allow Edit Amount": "X"
      },
      {
        "No": 7,
        "Description": "RECURRINGPrm",
        "Applicable": "X",
        "Allow Extra Amount": "X",
        "Allow Edit Amount": "X"
      },
      {
        "No": 8,
        "Description": "MEMBER DEPPrm",
        "Applicable": "X",
        "Allow Extra Amount": "X",
        "Allow Edit Amount": "X"
      },
      {
        "No": 9,
        "Description": "M LAKHPATIPrm",
        "Applicable": "X",
        "Allow Extra Amount": "X",
        "Allow Edit Amount": "X"
      },
      {
        "No": 10,
        "Description": "SECURITYLOBalance",
        "Applicable": "X",
        "Allow Extra Amount": "X",
        "Allow Edit Amount": "X"
      },
      {
        "No": 11,
        "Description": "SECURITYLOIntPrm",
        "Applicable": "X",
        "Allow Extra Amount": "X",
        "Allow Edit Amount": "X"
      },
      {
        "No": 12,
        "Description": "SECURITYLOPrm",
        "Applicable": "X",
        "Allow Extra Amount": "X",
        "Allow Edit Amount": "X"
      },
      {
        "No": 13,
        "Description": "HOUSINGLNBalance",
        "Applicable": "X",
        "Allow Extra Amount": "X",
        "Allow Edit Amount": "X"
      },
      {
        "No": 14,
        "Description": "HOUSINGLNIntPrm",
        "Applicable": "X",
        "Allow Extra Amount": "X",
        "Allow Edit Amount": "X"
      },
      {
        "No": 15,
        "Description": "HOUSINGLNPrm",
        "Applicable": "X",
        "Allow Extra Amount": "X",
        "Allow Edit Amount": "X"
      },
      {
        "No": 16,
        "Description": "EDUC.LOANBalance",
        "Applicable": "X",
        "Allow Extra Amount": "X",
        "Allow Edit Amount": "X"
      },
      {
        "No": 17,
        "Description": "EDUC.LOANIntPrm",
        "Applicable": "X",
        "Allow Extra Amount": "X",
        "Allow Edit Amount": "X"
      },
      {
        "No": 18,
        "Description": "EDUC.LOANIntPrm",
        "Applicable": "X",
        "Allow Extra Amount": "X",
        "Allow Edit Amount": "X"
      },
      {
        "No": 19,
        "Description": "EDUC.LOANPrm",
        "Applicable": "X",
        "Allow Extra Amount": "X",
        "Allow Edit Amount": "X"
      }
    ]
}