{
    "data": [
        {
            "ReportTypeCode":1456,
            "Description":"categogy A"
        },
        {
            "ReportTypeCode":3456,
            "Description":"categogy B"
        },
        {
            "ReportTypeCode":5456,
            "Description":"categogy C"
        },
        {
            "ReportTypeCode":7456,
            "Description":"categogy D"
        },
        {
            "ReportTypeCode":9456,
            "Description":"categogy E"
        }

    ]
}