{
    "data": [{
            "id": 1,
           
            "Date": "12/12/2000",
            "StartFrom": "4/31/1998",
            "InstructionNo": 41414141,
            "NextExecutionOn": "3/4/2001",
            "Frequency":"Monthly",
            "Cash": "Yes",
            "Transfer": "No",
            "LastExecutionOn": "1/3/3000",
            "Scheme": 123,
            "AccountNo": 22121222,
            "Particulars": 25754252,
            "Scheme1": 1233232,
            "AccountNo1":22122121,
            "AdviceNarration":"aa",     
            "Particulars1":"aa",
            "RevokeDate":"1/3/3000",
            "IsDiscountInterestApplicable":"Yes"
           
        },
        {
            "id": 1,
           
            "Date": "12/12/2000",
            "StartFrom": "4/31/1998",
            "InstructionNo": 41414141,
            "NextExecutionOn": "3/4/2001",
            "Frequency":"Quarterly",
            "Cash": "No",
            "Transfer": "Yes",
            "LastExecutionOn": "1/3/3000",
            "Scheme": 123,
            "AccountNo": 22121222,
            "Particulars": 25754252,
            "Scheme1": 1233232,
            "AccountNo1":22122121,
            "AdviceNarration":"aa",     
            "Particulars1":"aa",
            "RevokeDate":"1/3/3000",
            "IsDiscountInterestApplicable":"No"
           
        }
       
       
       
        
       
    ]
}