{
    "data": [
        {
            "WeakerSectionCode":1456,
            "Description":"categogy A"
        },
        {
            "WeakerSectionCode":3456,
            "Description":"categogy B"
        },
        {
            "WeakerSectionCode":5456,
            "Description":"categogy C"
        },
        {
            "WeakerSectionCode":7456,
            "Description":"categogy D"
        },
        {
            "WeakerSectionCode":9456,
            "Description":"categogy E"
        }

    ]
}