{
    "data": [
        {
            "scheme":40300,
            "acc_no":2342,
            "renewal_date":"22/10/1890",
            "acc_date":"09/11/1990",
            "renewal_times":1,
            "period":9,
            "expiry":"10/11/2002",
            "s_limit": 900000,
            "sanction":"2/11/1990",
            "securities_amount":89000,
            "drawing_power":20000,
            "installment":60000,
            "r_period":10,
            "r_expiry":"12/12/2012",
            "r_s_limit": 6516516,
            "r_sanction":"2/12/1998",
            "r_securities_amount":98000,
            "r_drawing_power":40000,
            "r_installment":90000,
            "int_category":1,
            "l_interest":"23/02/2012",
            "no":12,
            "date":"06/06/2020",
            "n_interest":15.00,
            "p_interest":2.00,
            "e_date":"30/12/2006"
        },
        {
            "scheme":40100,
            "acc_no":26562,
            "renewal_date":"27/11/1990",
            "acc_date":"09/11/1880",
            "renewal_times":4,
            "period":12,
            "expiry":"15/09/2002",
            "s_limit": 363000,
            "sanction":"21/01/2000",
            "securities_amount":567000,
            "drawing_power":2021000,
            "installment":45200,
            "r_period":12,
            "r_expiry":"20/08/2012",
            "r_s_limit": 356231,
            "r_sanction":"26/11/1998",
            "r_securities_amount":63542,
            "r_drawing_power":56435,
            "r_installment":6743313,
            "int_category":9,
            "l_interest":"12/12/2012",
            "no":31,
            "date":"19/11/2022",
            "n_interest":11.00,
            "p_interest":5.00,
            "e_date":"10/01/2009"
        }
    ]
}