{
    "data": [{
            "DocumentmasterCode": 1456,
            "Description": "categogy A"
        },
        {
            "DocumentmasterCode": 3456,
            "Description": "categogy B"
        },
        {
            "DocumentmasterCode": 5456,
            "Description": "categogy C"
        },
        {
            "DocumentmasterCode": 7456,
            "Description": "categogy D"
        },
        {
            "DocumentmasterCode": 9456,
            "Description": "categogy E"
        }

    ]
}