{
    "data": [
        {
            "Name": "ABC",
            "Relation": "PQR",
            "Age": 34,
            "NominationDate": "23/09/2019",
            "Address1": "XYZ",
            "Address2": "PQS",
            "Address3": "OPQ",
            "City": "Kolhapur",
            "Pin": 416213
        },
        {
            "Name": "ZXW",
            "Relation": "PQR",
            "Age": 54,
            "NominationDate": "23/09/2019",
            "Address1": "XYZ",
            "Address2": "PQS",
            "Address3": "OPQ",
            "City": "Kolhapur",
            "Pin": 416213
        }
    ]
}