{
    "data": [
        {
            "BranchCode":"1234",
            "Date":"234567890",
            "schemeCode":"12345",
            "Voucher_Number":"1223",
            "AccountNumber":"1234567890"
        },
        {
            "BranchCode":"5678",
            "Date":"234567890",
            "schemeCode":"12345",
            "Voucher_Number":"1223",
            "AccountNumber":"1234567890"
        },
        {
            "BranchCode":"2468",
            "Date":"234567890",
            "schemeCode":"12345",
            "Voucher_Number":"1223",
            "AccountNumber":"1234567890"
        }
        
        
    ]
}