{
    "data": [{
        "security_code": 1,
        "description": "Lorem ipsum dolor sit amet, consectetur adipiscing elit, sed do eiusmod tempor incididunt ut labore et dolore magna aliqua. Duis ultricies lacus sed turpis. Leo a diam sollicitudin tempor id eu nisl.",
        "margin": 3,
        "FirePolicy": "NO",
        "MarketShares": "NO",
        "BoodDebts": "NO",
        "PledgeStock": "NO",
        "StockStatement": "NO",
        "LIC": "NO",
        "CustomerInsurance": "NO",
        "PlantandMachinery": "NO",
        "Furniture&Fixture": "NO",
        "Vehicle": "NO",
        "OwnDeposit": "NO",
        "Land&Buildings": "NO",
        "Gold&Silver": "NO",
        "OtherSecurities": "NO"

    }, {
        "security_code": 2,
        "description": "Lorem ipsum dolor sit amet, consectetur adipiscing elit, sed do eiusmod tempor incididunt ut labore et dolore magna aliqua. Duis ultricies lacus sed turpis. Leo a diam sollicitudin tempor id eu nisl.",
        "margin": 4,
        "FirePolicy": "NO",
        "MarketShares": "NO",
        "BoodDebts": "NO",
        "PledgeStock": "NO",
        "StockStatement": "NO",
        "LIC": "NO",
        "CustomerInsurance": "NO",
        "PlantandMachinery": "NO",
        "Furniture&Fixture": "NO",
        "Vehicle": "NO",
        "OwnDeposit": "NO",
        "Land&Buildings": "NO",
        "Gold&Silver": "NO",
        "OtherSecurities": "NO"

    }, {
        "security_code": 3,
        "description": "Lorem ipsum dolor sit amet, consectetur adipiscing elit, sed do eiusmod tempor incididunt ut labore et dolore magna aliqua. Duis ultricies lacus sed turpis. Leo a diam sollicitudin tempor id eu nisl.",
        "margin": 6,
        "FirePolicy": "NO",
        "MarketShares": "NO",
        "BoodDebts": "NO",
        "PledgeStock": "NO",
        "StockStatement": "NO",
        "LIC": "NO",
        "CustomerInsurance": "NO",
        "PlantandMachinery": "NO",
        "Furniture&Fixture": "NO",
        "Vehicle": "NO",
        "OwnDeposit": "NO",
        "Land&Buildings": "NO",
        "Gold&Silver": "NO",
        "OtherSecurities": "NO"

    }, {
        "security_code": 4,
        "description": "Lorem ipsum dolor sit amet, consectetur adipiscing elit, sed do eiusmod tempor incididunt ut labore et dolore magna aliqua. Duis ultricies lacus sed turpis. Leo a diam sollicitudin tempor id eu nisl.",
        "margin": 2,
        "FirePolicy": "NO",
        "MarketShares": "NO",
        "BoodDebts": "NO",
        "PledgeStock": "NO",
        "StockStatement": "NO",
        "LIC": "NO",
        "CustomerInsurance": "NO",
        "PlantandMachinery": "NO",
        "Furniture&Fixture": "NO",
        "Vehicle": "NO",
        "OwnDeposit": "NO",
        "Land&Buildings": "NO",
        "Gold&Silver": "NO",
        "OtherSecurities": "NO"

    }, {
        "security_code": 5,
        "description": "Lorem ipsum dolor sit amet, consectetur adipiscing elit, sed do eiusmod tempor incididunt ut labore et dolore magna aliqua. Duis ultricies lacus sed turpis. Leo a diam sollicitudin tempor id eu nisl.",
        "margin": 5,
        "FirePolicy": "NO",
        "MarketShares": "NO",
        "BoodDebts": "NO",
        "PledgeStock": "NO",
        "StockStatement": "NO",
        "LIC": "NO",
        "CustomerInsurance": "NO",
        "PlantandMachinery": "NO",
        "Furniture&Fixture": "NO",
        "Vehicle": "NO",
        "OwnDeposit": "NO",
        "Land&Buildings": "NO",
        "Gold&Silver": "NO",
        "OtherSecurities": "NO"

    }, {
        "security_code": 6,
        "description": "Lorem ipsum dolor sit amet, consectetur adipiscing elit, sed do eiusmod tempor incididunt ut labore et dolore magna aliqua. Duis ultricies lacus sed turpis. Leo a diam sollicitudin tempor id eu nisl.",
        "margin": 3,
        "FirePolicy": "NO",
        "MarketShares": "NO",
        "BoodDebts": "NO",
        "PledgeStock": "NO",
        "StockStatement": "NO",
        "LIC": "NO",
        "CustomerInsurance": "NO",
        "PlantandMachinery": "NO",
        "Furniture&Fixture": "NO",
        "Vehicle": "NO",
        "OwnDeposit": "NO",
        "Land&Buildings": "NO",
        "Gold&Silver": "NO",
        "OtherSecurities": "NO"

    }, {
        "security_code": 7,
        "description": "Lorem ipsum dolor sit amet, consectetur adipiscing elit, sed do eiusmod tempor incididunt ut labore et dolore magna aliqua. Duis ultricies lacus sed turpis. Leo a diam sollicitudin tempor id eu nisl.",
        "margin": 9,
        "FirePolicy": "NO",
        "MarketShares": "NO",
        "BoodDebts": "NO",
        "PledgeStock": "NO",
        "StockStatement": "NO",
        "LIC": "NO",
        "CustomerInsurance": "NO",
        "PlantandMachinery": "NO",
        "Furniture&Fixture": "NO",
        "Vehicle": "NO",
        "OwnDeposit": "NO",
        "Land&Buildings": "NO",
        "Gold&Silver": "NO",
        "OtherSecurities": "NO"

    }, {
        "security_code": 8,
        "description": "Lorem ipsum dolor sit amet, consectetur adipiscing elit, sed do eiusmod tempor incididunt ut labore et dolore magna aliqua. Duis ultricies lacus sed turpis. Leo a diam sollicitudin tempor id eu nisl.",
        "margin": 1,
        "FirePolicy": "NO",
        "MarketShares": "NO",
        "BoodDebts": "NO",
        "PledgeStock": "NO",
        "StockStatement": "NO",
        "LIC": "NO",
        "CustomerInsurance": "NO",
        "PlantandMachinery": "NO",
        "Furniture&Fixture": "NO",
        "Vehicle": "NO",
        "OwnDeposit": "NO",
        "Land&Buildings": "NO",
        "Gold&Silver": "NO",
        "OtherSecurities": "NO"

    }, {
        "security_code": 9,
        "description": "Lorem ipsum dolor sit amet, consectetur adipiscing elit, sed do eiusmod tempor incididunt ut labore et dolore magna aliqua. Duis ultricies lacus sed turpis. Leo a diam sollicitudin tempor id eu nisl.",
        "margin": 4,
        "FirePolicy": "NO",
        "MarketShares": "NO",
        "BoodDebts": "NO",
        "PledgeStock": "NO",
        "StockStatement": "NO",
        "LIC": "NO",
        "CustomerInsurance": "NO",
        "PlantandMachinery": "NO",
        "Furniture&Fixture": "NO",
        "Vehicle": "NO",
        "OwnDeposit": "NO",
        "Land&Buildings": "NO",
        "Gold&Silver": "NO",
        "OtherSecurities": "NO"

    }, {
        "security_code": 10,
        "description": "Lorem ipsum dolor sit amet, consectetur adipiscing elit, sed do eiusmod tempor incididunt ut labore et dolore magna aliqua. Duis ultricies lacus sed turpis. Leo a diam sollicitudin tempor id eu nisl.",
        "margin": 7,
        "FirePolicy": "NO",
        "MarketShares": "NO",
        "BoodDebts": "NO",
        "PledgeStock": "NO",
        "StockStatement": "NO",
        "LIC": "NO",
        "CustomerInsurance": "NO",
        "PlantandMachinery": "NO",
        "Furniture&Fixture": "NO",
        "Vehicle": "NO",
        "OwnDeposit": "NO",
        "Land&Buildings": "NO",
        "Gold&Silver": "NO",
        "OtherSecurities": "NO"

    }, {
        "security_code": 11,
        "description": "Lorem ipsum dolor sit amet, consectetur adipiscing elit, sed do eiusmod tempor incididunt ut labore et dolore magna aliqua. Duis ultricies lacus sed turpis. Leo a diam sollicitudin tempor id eu nisl.",
        "margin": 3,
        "FirePolicy": "NO",
        "MarketShares": "NO",
        "BoodDebts": "NO",
        "PledgeStock": "NO",
        "StockStatement": "NO",
        "LIC": "NO",
        "CustomerInsurance": "NO",
        "PlantandMachinery": "NO",
        "Furniture&Fixture": "NO",
        "Vehicle": "NO",
        "OwnDeposit": "NO",
        "Land&Buildings": "NO",
        "Gold&Silver": "NO",
        "OtherSecurities": "NO"

    }, {
        "security_code": 12,
        "description": "Lorem ipsum dolor sit amet, consectetur adipiscing elit, sed do eiusmod tempor incididunt ut labore et dolore magna aliqua. Duis ultricies lacus sed turpis. Leo a diam sollicitudin tempor id eu nisl.",
        "margin": 3,
        "FirePolicy": "NO",
        "MarketShares": "NO",
        "BoodDebts": "NO",
        "PledgeStock": "NO",
        "StockStatement": "NO",
        "LIC": "NO",
        "CustomerInsurance": "NO",
        "PlantandMachinery": "NO",
        "Furniture&Fixture": "NO",
        "Vehicle": "NO",
        "OwnDeposit": "NO",
        "Land&Buildings": "NO",
        "Gold&Silver": "NO",
        "OtherSecurities": "NO"

    }, {
        "security_code": 13,
        "description": "Lorem ipsum dolor sit amet, consectetur adipiscing elit, sed do eiusmod tempor incididunt ut labore et dolore magna aliqua. Duis ultricies lacus sed turpis. Leo a diam sollicitudin tempor id eu nisl.",
        "margin": 3,
        "FirePolicy": "NO",
        "MarketShares": "NO",
        "BoodDebts": "NO",
        "PledgeStock": "NO",
        "StockStatement": "NO",
        "LIC": "NO",
        "CustomerInsurance": "NO",
        "PlantandMachinery": "NO",
        "Furniture&Fixture": "NO",
        "Vehicle": "NO",
        "OwnDeposit": "NO",
        "Land&Buildings": "NO",
        "Gold&Silver": "NO",
        "OtherSecurities": "NO"

    }, {
        "security_code": 14,
        "description": "Lorem ipsum dolor sit amet, consectetur adipiscing elit, sed do eiusmod tempor incididunt ut labore et dolore magna aliqua. Duis ultricies lacus sed turpis. Leo a diam sollicitudin tempor id eu nisl.",
        "margin": 3,
        "FirePolicy": "NO",
        "MarketShares": "NO",
        "BoodDebts": "NO",
        "PledgeStock": "NO",
        "StockStatement": "NO",
        "LIC": "NO",
        "CustomerInsurance": "NO",
        "PlantandMachinery": "NO",
        "Furniture&Fixture": "NO",
        "Vehicle": "NO",
        "OwnDeposit": "NO",
        "Land&Buildings": "NO",
        "Gold&Silver": "NO",
        "OtherSecurities": "NO"

    }, {
        "security_code": 15,
        "description": "Lorem ipsum dolor sit amet, consectetur adipiscing elit, sed do eiusmod tempor incididunt ut labore et dolore magna aliqua. Duis ultricies lacus sed turpis. Leo a diam sollicitudin tempor id eu nisl.",
        "margin": 3,
        "FirePolicy": "NO",
        "MarketShares": "NO",
        "BoodDebts": "NO",
        "PledgeStock": "NO",
        "StockStatement": "NO",
        "LIC": "NO",
        "CustomerInsurance": "NO",
        "PlantandMachinery": "NO",
        "Furniture&Fixture": "NO",
        "Vehicle": "NO",
        "OwnDeposit": "NO",
        "Land&Buildings": "NO",
        "Gold&Silver": "NO",
        "OtherSecurities": "NO"

    }, {
        "security_code": 16,
        "description": "Lorem ipsum dolor sit amet, consectetur adipiscing elit, sed do eiusmod tempor incididunt ut labore et dolore magna aliqua. Duis ultricies lacus sed turpis. Leo a diam sollicitudin tempor id eu nisl.",
        "margin": 3,
        "FirePolicy": "NO",
        "MarketShares": "NO",
        "BoodDebts": "NO",
        "PledgeStock": "NO",
        "StockStatement": "NO",
        "LIC": "NO",
        "CustomerInsurance": "NO",
        "PlantandMachinery": "NO",
        "Furniture&Fixture": "NO",
        "Vehicle": "NO",
        "OwnDeposit": "NO",
        "Land&Buildings": "NO",
        "Gold&Silver": "NO",
        "OtherSecurities": "NO"

    }]
}