{
    "data": [{
            "InstructionNo":  1,
            "Date":"10/9/2020",
            "Scheme": "232",
            "AccountNo": 2,
            "StartFrom":"10/9/2020",
            "UptoDate":"12/4/2019",
            "ExecuteOn":"Debit Entry",
            "Details": "Namdev Dhondiram Thorat",
            "IsRestrictTransactionEntry":"Yes",
            "Date2":"12/4/2019"
        },
        {
            "InstructionNo":  2,
            "Date":"10/9/2020",
            "Scheme": "221",
            "AccountNo": 3,
            "StartFrom":"10/9/2020",
            "UptoDate":"12/4/2019",
            "ExecuteOn":"Credit Entry",
            "Details": "Pandurang Sadashiv Pingale",
            "IsRestrictTransactionEntry":"No",
            "Date2":"12/4/2019"
        },
        {
            "InstructionNo":  3,
            "Date":"10/9/2020",
            "Scheme": "212",
            "AccountNo": 4,
            "StartFrom":"10/9/2020",
            "UptoDate":"12/4/2019",
            "ExecuteOn":"Every Entry",
            "Details": "Baburao Ganpatrao Apte",
            "IsRestrictTransactionEntry":"Yes",
            "Date2":"12/4/2019"
        },
        {
            "InstructionNo":  4,
            "Date":"10/9/2020",
            "Scheme": "221",
            "AccountNo": 5,
            "StartFrom":"10/9/2020",
            "UptoDate":"12/4/2019",
            "ExecuteOn":"Debit Entry",
            "Details": "Pandurang Sadashiv Pingale",
            "IsRestrictTransactionEntry":"No",
            "Date2":"12/4/2019"
        }
    ]
}