{
    "data": [
      {
        "Scheme": 1,
        "DividendAmount": "3500",
        "MemberNo": "170",
        "WarrantDate": "5/4/2014",
        "FromYear": 2014,
        "ToYear": "2015"
       
      },
      {
        "Scheme": 2,
        "DividendAmount": "6000",
        "MemberNo": "354",
        "WarrantDate": "12/5/2010",
        "FromYear": 2010,
        "ToYear": "2011"
     
      },
      {
        "Scheme": 3,
        "DividendAmount": "4500",
        "MemberNo": "235",
        "WarrantDate": "10/12/2020",
        "FromYear": "2020",
        "ToYear": "2021"
        
      }
    ]
  }
  