{
    "data": [
        {
            "id": 1,
            "Scheme": 346,
            "CustomerID": 10100,
            "MemberScheme": 34678,
            "Account": "SAVINGS",
            "Title": "Mr.",
            "Name": "ABC PQR",
            "MemberNo": 101,
            "Address1": "XYZ",
            "Address2": "ABC",
            "Address3": "PQR",
            "City": "APQ",
            "Pincode": 418800,
            "OpenDate": "2/2/00",
            "Reason": "Reason",
            "Recovery": "Yes",
            "Debit": "Yes",
            "Credit": "No"
        },
        {
            "id": 2,
            "Scheme": 799,
            "CustomerID": 20100,
            "MemberScheme": 4647,
            "Account": "MEMBERDEP",
            "Title": "Mr.",
            "Name": "ABC PQR",
            "MemberNo": 101,
            "Address1": "XYZ",
            "Address2": "ABC",
            "Address3": "PQR",
            "City": "APQ",
            "Pincode": 418800,
            "OpenDate": "2/2/00",
            "Reason": "Reason",
            "Recovery": "Yes",
            "Debit": "Yes",
            "Credit": "No"
        },
        {
            "id": 3,
            "Scheme": 356,
            "CustomerID": 20200,
            "MemberScheme": 5578,
            "Account": "RECURRING",
            "Title": "Mr.",
            "Name": "ABC PQR",
            "MemberNo": 101,
            "Address1": "XYZ",
            "Address2": "ABC",
            "Address3": "PQR",
            "City": "APQ",
            "Pincode": 418800,
            "OpenDate": "2/2/00",
            "Reason": "Reason",
            "Recovery": "No",
            "Debit": "No",
            "Credit": "Yes"
        },
        {
            "id": 4,
            "Scheme": 4367,
            "CustomerID": 20300,
            "MemberScheme": 905,
            "Account": "1 YEAR",
            "Title": "Mr.",
            "Name": "ABC PQR",
            "MemberNo": 101,
            "Address1": "XYZ",
            "Address2": "ABC",
            "Address3": "PQR",
            "City": "APQ",
            "Pincode": 418800,
            "OpenDate": "2/2/00",
            "Reason": "Reason",
            "Recovery": "Yes",
            "Debit": "Yes",
            "Credit": "No"
        },
        {
            "id": 5,
            "Scheme": 567,
            "CustomerID": 20400,
            "MemberScheme": 56799,
            "Account": "3 YEAR",
            "Title": "Mr.",
            "Name": "ABC PQR",
            "MemberNo": 101,
            "Address1": "XYZ",
            "Address2": "ABC",
            "Address3": "PQR",
            "City": "APQ",
            "Pincode": 418800,
            "OpenDate": "2/2/00",
            "Reason": "Reason",
            "Recovery": "No",
            "Debit": "No",
            "Credit": "Yes"
        }
    ]
}