{
    "data": [
        
        {
            "ItemType": 1234,
            "ItemCode": "2468",
            "ItemName": "Manager",
            "PurchaseDate":"10/12/2012",
            "DeprCategory": "Kolhapur",
            "OpBalanceDate":"12/4/2021",
            "SupplierName": "xyz",
            "PurchaseRate": "528",
            "PurchaseQty": 231,
            "PurchaseValue": 416012,
            "OpeningAmount": 1245,
            "Quantity": 1245,
            "LastDepreciationDate":"23/2/2020",
            "GLACNo": 1245,
            "TotalRecords": 1245
    },
    {
        "ItemType": 3257,
        "ItemCode": "2468",
        "ItemName": "Manager",
        "PurchaseDate":"10/12/2012",
        "DeprCategory": "Kolhapur",
        "OpBalanceDate":"12/4/2021",
        "SupplierName": "xyz",
        "PurchaseRate": "528",
        "PurchaseQty": 231,
        "PurchaseValue": 416012,
        "OpeningAmount": 1245,
        "Quantity": 1245,
        "LastDepreciationDate":"23/2/2020",
        "GLACNo": 1245,
        "TotalRecords": 1245
},
{
    "ItemType": 4526,
    "ItemCode": "2468",
    "ItemName": "Manager",
    "PurchaseDate":"10/12/2012",
    "DeprCategory": "Kolhapur",
    "OpBalanceDate":"12/4/2021",
    "SupplierName": "xyz",
    "PurchaseRate": "528",
    "PurchaseQty": 231,
    "PurchaseValue": 416012,
    "OpeningAmount": 1245,
    "Quantity": 1245,
    "LastDepreciationDate":"23/2/2020",
    "GLACNo": 1245,
    "TotalRecords": 1245
}
        

        

    ]
}