{
    "data": [{
            "path": "iRFTD",
            "srno": 1,
            "master-name": "Interest Rate For Term Deposit"

        },
        {

            "srno": 2,
            "master-name": "Term Deposit 'Pat' Scheme"
        },
        {

            "srno": 3,
            "master-name": "Interest Rate for Saving And Pigmy Deposits"
        },
        {

            "srno": 4,
            "master-name": "Interest Rate for Loan And CC"
        },
        {

            "srno": 5,
            "master-name": "Security Code"
        },
        {

            "srno": 6,
            "master-name": "Manager View GL-Position"
        },
        {

            "srno": 7,
            "master-name": "Scheme Linking With Documents"
        },
        {

            "srno": 8,
            "master-name": "Scheme Type Charges Defination"
        },
        {

            "srno": 9,
            "master-name": "Depreciation Rate Master"
        },
        {

            "srno": 10,
            "master-name": "Premature Pigmy Less Int.Rate"
        },
        {

            "srno": 11,
            "master-name": "TDS Interest Rate"
        }

    ]
}