{
    "data": [{
            "id": 1,
            "Code8": 71,
            "Name8": "a",
            "AlternateCode": 5,
            "HOLiquidityCode1": 2,
            "HOLiquidityCode2": 3,
            "AlterBalanceCode": 4,
            "SerialNo8": 4,
            "LinkingInputAllowed": "yes",
            "Percentage": 4,
            "IsPrintinGLReport":"yes",
            "PercentageOfcode": 44
           
        },
        {
            "id": 2,
            "Code8": 72,
            "Name8": "a",
            "AlternateCode": 5,
            "HOLiquidityCode1": 2,
            "HOLiquidityCode2": 3,
            "AlterBalanceCode": 4,
            "SerialNo8": 4,
            "LinkingInputAllowed": "yes",
            "Percentage": 4,
            "IsPrintinGLReport":"yes",
            "PercentageOfcode": 44
           
        },
        {
            "id": 3,
            "Code8": 73,
            "Name8": "a",
            "AlternateCode": 5,
            "HOLiquidityCode1": 2,
            "HOLiquidityCode2": 3,
            "AlterBalanceCode": 4,
            "SerialNo8": 4,
            "LinkingInputAllowed": "yes",
            "Percentage": 4,
            "IsPrintinGLReport":"yes",
            "PercentageOfcode": 44
           
        }
        
        
       
    ]
}