{
    "data": [{
            "id": 1,
            "StatementHead": "SB",
            "StatementCode": 10100,
            "StatementType": "INCOME",
            "AlternateCode": "SAVINGS",
            "PrintHeadInOneSide": "Yes"

        },
        {
            "id": 2,
            "StatementHead": "TD",
            "StatementCode": 20100,
            "StatementType": "EXPENDITURE",
            "AlternateCode": "MEMBERDEP",
            "PrintHeadInOneSide": "No"
        },
        {
            "id": 3,
            "StatementHead": "TD",
            "StatementCode": 20200,
            "StatementType": "ASSET",
            "AlternateCode": "RECURRING",
            "PrintHeadInOneSide": "yes"
        },
        {
            "id": 4,
            "StatementHead": "TD",
            "StatementCode": 20300,
            "StatementType": "LIABILITY",
            "AlternateCode": "1 YEAR",
            "PrintHeadInOneSide": "yes"
        }
        

    ]
}