{
    "data": [
        {
            "InterestCategoryCode":1456,
            "Description":"categogy A"
        },
        {
            "InterestCategoryCode":3456,
            "Description":"categogy B"
        },
        {
            "InterestCategoryCode":5456,
            "Description":"categogy C"
        },
        {
            "InterestCategoryCode":7456,
            "Description":"categogy D"
        },
        {
            "InterestCategoryCode":9456,
            "Description":"categogy E"
        }

    ]
}