{
    "data": [
        {
            "BalCategarycode":1456,
            "Description":"categogy A",
            "MinimumBalance":5000
        },
        {
            "BalCategarycode":3456,
            "Description":"categogy B",
            "MinimumBalance":5000
        },
        {
            "BalCategarycode":5456,
            "Description":"categogy C",
            "MinimumBalance":5000
        },
        {
            "BalCategarycode":7456,
            "Description":"categogy D",
            "MinimumBalance":5000
        },
        {
            "BalCategarycode":9456,
            "Description":"categogy E",
            "MinimumBalance":5000
        }

    ]
}