{
    "data": [
        {
            "schemecode":1,
            "fromacc":"3",
            "toacc":"34",
            "accno":  1,
            "accname": "2",
            "lasttransdate": "2/12/1977",
            "totpostedinterest": 9,
            "totdepositamt": 5,
            "isdisputeloan": 3
        },
        {
            "schemecode":2,
            "fromacc":"3",
            "toacc":"34",
            "accno":  3,
            "accname": "4",
            "lasttransdate": "2/2/1977",
            "totpostedinterest": 9,
            "totdepositamt": 5,
            "isdisputeloan": 3
        },
        {
            "schemecode":3,
            "fromacc":"3",
            "toacc":"34",
            "accno":  3,
            "accname": "12",
            "lasttransdate": "2/12/4977",
            "totpostedinterest": 9,
            "totdepositamt": 56,
            "isdisputeloan": 3
        }
        
        
    ]
}
