{
    "data": [
        {
            "RecoveryClearkCode":1456,
            "Description":"categogy A"
        },
        {
            "RecoveryClearkCode":3456,
            "Description":"categogy B"
        },
        {
            "RecoveryClearkCode":5456,
            "Description":"categogy C"
        },
        {
            "RecoveryClearkCode":7456,
            "Description":"categogy D"
        },
        {
            "RecoveryClearkCode":9456,
            "Description":"categogy E"
        }

    ]
}