{
    "data": [{
            "id": 1,
            "InstructionNo": 31,
            "Date": "12/12/2000",
            "Scheme": 41414141,
            "AccountNo": 561541154,
            "StartFrom": "4/31/1998",
            "UptoDate": "1/3/3000",
            "ExecuteOn": "Every Entry",
            "IsRestrictTransactionEntry": "Yes",
            "Details": 25754252,
            "RevokeDate": "12/11/2019"            
           
           
        },
        {
            "id": 2,
            "InstructionNo": 55,
            "Date": "1/12/2001",
            "Scheme": 3333,
            "AccountNo": 2222,
            "StartFrom": "4/31/1998",
            "UptoDate": "1/3/3000",
            "ExecuteOn": "Debit Entry",
            "IsRestrictTransactionEntry": "No",
            "Details": 25754252,
            "RevokeDate": "12/11/2019"            
           
           
        }
       
       
        
       
    ]
}