{
    "data": [{
            "scheme":  1,
            "member_no": "232",
            "customer_id": 2,
            "name": "Namdev Dhondiram Thorat"
        },
        {
            "scheme":  2,
            "member_no": "221",
            "customer_id": 3,
            "name": "Pandurang Sadashiv Pingale"
        },
        {
            "scheme":  3,
            "member_no": "212",
            "customer_id": 4,
            "name": "Baburao Ganpatrao Apte"
        },
        {
            "scheme":  4,
            "member_no": "221",
            "customer_id": 5,
            "name": "Pandurang Sadashiv Pingale"
        },
        {
            "scheme":  5,
            "member_no": "212",
            "customer_id": 6,
            "name": "Baburao Ganpatrao Apte"
        },
        {
            "scheme":  6,
            "member_no": "221",
            "customer_id": 7,
            "name": "Pandurang Sadashiv Pingale"
        },
        {
            "scheme":  7,
            "member_no": "232",
            "customer_id": 8,
            "name": "Namdev Dhondiram Thorat"
        },
        {
            "scheme":  8,
            "member_no": "212",
            "customer_id": 9,
            "name": "Baburao Ganpatrao Apte"
        },
        {
            "scheme":  9,
            "member_no": "232",
            "customer_id": 10,
            "name": "Namdev Dhondiram Thorat"
        },
        {
            "scheme":  10,
            "member_no": "221",
            "customer_id": 12,
            "name": "Pandurang Sadashiv Pingale"
        },
        {
            "scheme":  11,
            "member_no": "232",
            "customer_id": 13,
            "name": "Namdev Dhondiram Thorat"
        },
        {
            "scheme":  12,
            "member_no": "212",
            "customer_id": 15,
            "name": "Baburao Ganpatrao Apte"
        },
        {
            "scheme":  13,
            "member_no": "221",
            "customer_id": 16,
            "name": "Pandurang Sadashiv Pingale"
        },
        {
            "scheme":  14,
            "member_no": "232",
            "customer_id": 17,
            "name": "Namdev Dhondiram Thorat"
        },
        {
            "scheme":  15,
            "member_no": "212",
            "customer_id": 18,
            "name": "Baburao Ganpatrao Apte"
        },
        {
            "scheme":  16,
            "member_no": "232",
            "customer_id": 19,
            "name": "Namdev Dhondiram Thorat"
        },
        {
            "scheme":  17,
            "member_no": "221",
            "customer_id": 20,
            "name": "Pandurang Sadashiv Pingale"
        },
        {
            "scheme":  18,
            "member_no": "232",
            "customer_id": 21,
            "name": "Namdev Dhondiram Thorat"
        }
    ]
}