{
    "data": [{
            "srno":  1,
            "from_ir": 10,
            "to_ir": 12
        },{
            "srno":  2,
            "from_ir": 9,
            "to_ir": 5
        },{
            "srno":  3,
            "from_ir": 15,
            "to_ir": 10
        },{
            "srno":  4,
            "from_ir": 15,
            "to_ir": 17
        },{
            "srno":  5,
            "from_ir": 8,
            "to_ir": 6
        },{
            "srno":  6,
            "from_ir": 6,
            "to_ir": 4
        },{
            "srno":  7,
            "from_ir": 9,
            "to_ir": 8
        },{
            "srno":  8,
            "from_ir": 8,
            "to_ir": 9
        },{
            "srno":  9,
            "from_ir": 9,
            "to_ir": 10
        },{
            "srno":  10,
            "from_ir": 15,
            "to_ir": 10
        }
    ]
}