{
    "data": [
        {
            "id": 1,
            "Scheme": 678,
            "CustomerID": 10100,
            "Account": "SAVINGS",
            "Title": "Mr.",
            "Name": "ABC PQR",
            "LastIntDate": "22/2/2000",
            "NormalInterestRate": 13,
            "LedgerBalance": 45732
        },
        {
            "id": 2,
            "Scheme": 9427,
            "CustomerID": 20100,
            "Account": "MEMBERDEP",
            "Title": "Mr.",
            "Name": "ABC PQR",
            "LastIntDate": "22/2/2000",
            "NormalInterestRate": 13,
            "LedgerBalance": 45732
        },
        {
            "id": 3,
            "Scheme": 2468,
            "CustomerID": 20200,
            "Account": "RECURRING",
            "Title": "Mr.",
            "Name": "ABC PQR",
            "LastIntDate": "22/2/2000",
            "NormalInterestRate": 13,
            "LedgerBalance": 45732
        },
        {
            "id": 4,
            "Scheme": 754856,
            "CustomerID": 20300,
            "Account": "1 YEAR",
            "Title": "Mr.",
            "Name": "ABC PQR",
            "LastIntDate": "22/2/2000",
            "NormalInterestRate": 13,
            "LedgerBalance": 45732
        },
        {
            "id": 5,
            "Scheme": 5736,
            "CustomerID": 20400,
            "Account": "3 YEAR",
            "Title": "Mr.",
            "Name": "ABC PQR",
            "LastIntDate": "22/2/2000",
            "NormalInterestRate": 13,
            "LedgerBalance": 45732
        }
    ]
}