{
    "data": [
        {
            "VoucherNo": 54646,
            "Cash": "Yes",
            "Transfer": "No",
            "VoucherDate": "25/09/2019",
            "BranchCode": 7236,
            "SchemeType": "Saving Deposit",
            "SchemeCode": 5489,
            "AccountNumber": 652360,
            "PANNumber": 64943760,
            "TransactionMode": "Deposit Closing",
            "SlipNumber": 29023265,
            "VoucherAmount": 758735,
            "TotalAmount": 67236905,
            "Particulars": "Particulars",
            "SanctionOverDraft": 273587,
            "TemparoryOverDraft": 3569,
            "TokenNo": 36523789,
            "DayOpeningBalance": 537825,
            "Passed": 53978,
            "Unpassed": 728925,
            "ClearedBalance": 6529602,
            "AfterthisVoucher": 59825
        },
        {
            "VoucherNo": 54646,
            "Cash": "No",
            "Transfer": "Yes",
            "VoucherDate": "25/09/2019",
            "BranchCode": 7236,
            "SchemeType": "Term Loan",
            "SchemeCode": 5489,
            "AccountNumber": 652360,
            "PANNumber": 64943760,
            "TransactionMode": "Credit Transfer",
            "SlipNumber": 29023265,
            "VoucherAmount": 758735,
            "TotalAmount": 67236905,
            "Particulars": "Particulars",
            "SanctionOverDraft": 273587,
            "TemparoryOverDraft": 3569,
            "TokenNo": 36523789,
            "DayOpeningBalance": 537825,
            "Passed": 53978,
            "Unpassed": 728925,
            "ClearedBalance": 6529602,
            "AfterthisVoucher": 59825
        }
    ]
}